Column1,Column2
ServerName,AMD-AXRS1[0]
Alias name     administrators,
Comment        ,
,
Members,
,
-------------------------------------------------------------------------------,
Administrator,
TWI\BI_Admins,
TWI\Domain Admins,
TWI\Domain Analyst,
TWI\G-CDW_Techs,
TWI\G-ERP_Admin,
TWI\G-GSD-SRV-Admins,
TWI\G-Infrastructure_Systems_Admins,
TWI\G-MST_TECHS,
TWI\G-Vulnerability-Scan,
TWI\POS_Admin,
TWI\SCCM_Admin,
TWI\SCOM_Admin,
TWI\SQL_admin,
TWI\Sqlsvc_Prd,
The command completed successfully.,
,
ServerName,ANM-AXRS1[0]
Alias name     administrators,
Comment        ,
,
Members,
,
-------------------------------------------------------------------------------,
Administrator,
TWI\BI_Admins,
TWI\Domain Admins,
TWI\Domain Analyst,
TWI\G-CDW_Techs,
TWI\G-ERP_Admin,
TWI\G-GSD-SRV-Admins,
TWI\G-Infrastructure_Systems_Admins,
TWI\G-MST_TECHS,
TWI\G-Vulnerability-Scan,
TWI\POS_Admin,
TWI\SCCM_Admin,
TWI\SCOM_Admin,
TWI\SQL_admin,
TWI\Sqlsvc_Prd,
The command completed successfully.,
,
ServerName,AT2-AXRS1[0]
Alias name     administrators,
Comment        ,
,
Members,
,
-------------------------------------------------------------------------------,
Administrator,
TWI\BI_Admins,
TWI\Domain Admins,
TWI\Domain Analyst,
TWI\G-CDW_Techs,
TWI\G-ERP_Admin,
TWI\G-GSD-SRV-Admins,
TWI\G-Infrastructure_Systems_Admins,
TWI\G-MST_TECHS,
TWI\G-Vulnerability-Scan,
TWI\POS_Admin,
TWI\SCCM_Admin,
TWI\SCOM_Admin,
TWI\SQL_admin,
TWI\Sqlsvc_Prd,
The command completed successfully.,
,
ServerName,AUR-AXRS1[0]
Alias name     administrators,
Comment        ,
,
Members,
,
-------------------------------------------------------------------------------,
Administrator,
TWI\BI_Admins,
TWI\Domain Admins,
TWI\Domain Analyst,
TWI\G-CDW_Techs,
TWI\G-ERP_Admin,
TWI\G-GSD-SRV-Admins,
TWI\G-Infrastructure_Systems_Admins,
TWI\G-MST_TECHS,
TWI\G-Vulnerability-Scan,
TWI\POS_Admin,
TWI\SCCM_Admin,
TWI\SCOM_Admin,
TWI\SQL_admin,
TWI\Sqlsvc_Prd,
The command completed successfully.,
,
ServerName,BCA-AXRS1[0]
Alias name     administrators,
Comment        ,
,
Members,
,
-------------------------------------------------------------------------------,
Administrator,
TWI\BI_Admins,
TWI\Domain Admins,
TWI\Domain Analyst,
TWI\G-CDW_Techs,
TWI\G-ERP_Admin,
TWI\G-GSD-SRV-Admins,
TWI\G-Infrastructure_Systems_Admins,
TWI\G-MST_TECHS,
TWI\G-Vulnerability-Scan,
TWI\POS_Admin,
TWI\SCCM_Admin,
TWI\SCOM_Admin,
TWI\SQL_admin,
TWI\Sqlsvc_Prd,
The command completed successfully.,
,
ServerName,BFL-AXRS1[0]
Alias name     administrators,
Comment        ,
,
Members,
,
-------------------------------------------------------------------------------,
Administrator,
TWI\BI_Admins,
TWI\Domain Admins,
TWI\Domain Analyst,
TWI\G-CDW_Techs,
TWI\G-ERP_Admin,
TWI\G-GSD-SRV-Admins,
TWI\G-Infrastructure_Systems_Admins,
TWI\G-MST_TECHS,
TWI\G-Vulnerability-Scan,
TWI\POS_Admin,
TWI\SCCM_Admin,
TWI\SCOM_Admin,
TWI\SQL_admin,
TWI\Sqlsvc_Prd,
The command completed successfully.,
,
ServerName,BGW-AXRS1[0]
Alias name     administrators,
Comment        ,
,
Members,
,
-------------------------------------------------------------------------------,
Administrator,
TWI\BI_Admins,
TWI\Domain Admins,
TWI\Domain Analyst,
TWI\G-CDW_Techs,
TWI\G-ERP_Admin,
TWI\G-GSD-SRV-Admins,
TWI\G-Infrastructure_Systems_Admins,
TWI\G-MST_TECHS,
TWI\G-Vulnerability-Scan,
TWI\POS_Admin,
TWI\SCCM_Admin,
TWI\SCOM_Admin,
TWI\SQL_admin,
TWI\Sqlsvc_Prd,
The command completed successfully.,
,
ServerName,BHM-AXRS1[0]
Alias name     administrators,
Comment        ,
,
Members,
,
-------------------------------------------------------------------------------,
Administrator,
TWI\BI_Admins,
TWI\Domain Admins,
TWI\Domain Analyst,
TWI\G-CDW_Techs,
TWI\G-ERP_Admin,
TWI\G-GSD-SRV-Admins,
TWI\G-Infrastructure_Systems_Admins,
TWI\G-MST_TECHS,
TWI\G-Vulnerability-Scan,
TWI\POS_Admin,
TWI\SCCM_Admin,
TWI\SCOM_Admin,
TWI\SQL_admin,
TWI\Sqlsvc_Prd,
The command completed successfully.,
,
ServerName,BMA-AXRS1[0]
Alias name     administrators,
Comment        ,
,
Members,
,
-------------------------------------------------------------------------------,
Administrator,
TWI\BI_Admins,
TWI\Domain Admins,
TWI\Domain Analyst,
TWI\G-ERP_Admin,
TWI\G-GSD-SRV-Admins,
TWI\G-Infrastructure_Systems_Admins,
TWI\G-MST_TECHS,
TWI\G-Vulnerability-Scan,
TWI\POS_Admin,
TWI\SCCM_Admin,
TWI\SCOM_Admin,
TWI\SQL_admin,
TWI\Sqlsvc_Prd,
The command completed successfully.,
,
ServerName,BWA-AXRS1[0]
Alias name     administrators,
Comment        ,
,
Members,
,
-------------------------------------------------------------------------------,
Administrator,
TWI\BI_Admins,
TWI\Domain Admins,
TWI\Domain Analyst,
TWI\G-CDW_Techs,
TWI\G-ERP_Admin,
TWI\G-GSD-SRV-Admins,
TWI\G-Infrastructure_Systems_Admins,
TWI\G-MST_TECHS,
TWI\G-Vulnerability-Scan,
TWI\POS_Admin,
TWI\SCCM_Admin,
TWI\SCOM_Admin,
TWI\SQL_admin,
TWI\Sqlsvc_Prd,
The command completed successfully.,
,
ServerName,BWI-AXRS1[0]
Alias name     administrators,
Comment        ,
,
Members,
,
-------------------------------------------------------------------------------,
Administrator,
TWI\BI_Admins,
TWI\Domain Admins,
TWI\Domain Analyst,
TWI\G-CDW_Techs,
TWI\G-ERP_Admin,
TWI\G-GSD-SRV-Admins,
TWI\G-Infrastructure_Systems_Admins,
TWI\G-MST_TECHS,
TWI\G-Vulnerability-Scan,
TWI\POS_Admin,
TWI\SCCM_Admin,
TWI\SCOM_Admin,
TWI\SQL_admin,
TWI\Sqlsvc_Prd,
The command completed successfully.,
,
ServerName,CACME-AXRS1[0]
Alias name     administrators,
Comment        ,
,
Members,
,
-------------------------------------------------------------------------------,
Administrator,
TWI\BI_Admins,
TWI\Domain Admins,
TWI\Domain Analyst,
TWI\G-CDW_Techs,
TWI\G-ERP_Admin,
TWI\G-GSD-SRV-Admins,
TWI\G-Infrastructure_Systems_Admins,
TWI\G-MST_TECHS,
TWI\G-Vulnerability-Scan,
TWI\POS_Admin,
TWI\SCCM_Admin,
TWI\SCOM_Admin,
TWI\SQL_admin,
TWI\Sqlsvc_Prd,
The command completed successfully.,
,
ServerName,CAMBE-AXRS1[0]
Alias name     administrators,
Comment        ,
,
Members,
,
-------------------------------------------------------------------------------,
Administrator,
TWI\BI_Admins,
TWI\Domain Admins,
TWI\Domain Analyst,
TWI\G-CDW_Techs,
TWI\G-ERP_Admin,
TWI\G-GSD-SRV-Admins,
TWI\G-Infrastructure_Systems_Admins,
TWI\G-MST_TECHS,
TWI\G-Vulnerability-Scan,
TWI\POS_Admin,
TWI\SCCM_Admin,
TWI\SCOM_Admin,
TWI\SQL_admin,
TWI\Sqlsvc_Prd,
The command completed successfully.,
,
ServerName,CAPAS-AXRS1[0]
Alias name     administrators,
Comment        ,
,
Members,
,
-------------------------------------------------------------------------------,
Administrator,
TWI\BI_Admins,
TWI\Domain Admins,
TWI\Domain Analyst,
TWI\G-CDW_Techs,
TWI\G-ERP_Admin,
TWI\G-GSD-SRV-Admins,
TWI\G-Infrastructure_Systems_Admins,
TWI\G-MST_TECHS,
TWI\G-Vulnerability-Scan,
TWI\POS_Admin,
TWI\SCCM_Admin,
TWI\SCOM_Admin,
TWI\SQL_admin,
TWI\Sqlsvc_Prd,
The command completed successfully.,
,
ServerName,CASDI-AXRS1[0]
Alias name     administrators,
Comment        ,
,
Members,
,
-------------------------------------------------------------------------------,
Administrator,
TWI\BI_Admins,
TWI\Domain Admins,
TWI\Domain Analyst,
TWI\G-CDW_Techs,
TWI\G-ERP_Admin,
TWI\G-GSD-SRV-Admins,
TWI\G-Infrastructure_Systems_Admins,
TWI\G-MST_TECHS,
TWI\G-Vulnerability-Scan,
TWI\POS_Admin,
TWI\SCCM_Admin,
TWI\SCOM_Admin,
TWI\SQL_admin,
TWI\Sqlsvc_Prd,
The command completed successfully.,
,
ServerName,CASRA-AXRS1[0]
Alias name     administrators,
Comment        ,
,
Members,
,
-------------------------------------------------------------------------------,
Administrator,
TWI\BI_Admins,
TWI\Domain Admins,
TWI\Domain Analyst,
TWI\G-CDW_Techs,
TWI\G-ERP_Admin,
TWI\G-GSD-SRV-Admins,
TWI\G-Infrastructure_Systems_Admins,
TWI\G-MST_TECHS,
TWI\G-Vulnerability-Scan,
TWI\POS_Admin,
TWI\SCCM_Admin,
TWI\SCOM_Admin,
TWI\SQL_admin,
TWI\Sqlsvc_Prd,
The command completed successfully.,
,
ServerName,CAWHO-AXRS1[0]
Alias name     administrators,
Comment        ,
,
Members,
,
-------------------------------------------------------------------------------,
Administrator,
TWI\BI_Admins,
TWI\Domain Admins,
TWI\Domain Analyst,
TWI\G-CDW_Techs,
TWI\G-ERP_Admin,
TWI\G-GSD-SRV-Admins,
TWI\G-Infrastructure_Systems_Admins,
TWI\G-MST_TECHS,
TWI\G-Vulnerability-Scan,
TWI\POS_Admin,
TWI\SCCM_Admin,
TWI\SCOM_Admin,
TWI\SQL_admin,
TWI\Sqlsvc_Prd,
The command completed successfully.,
,
ServerName,CCM-AXRS1[0]
Alias name     administrators,
Comment        ,
,
Members,
,
-------------------------------------------------------------------------------,
Administrator,
TWI\BI_Admins,
TWI\Domain Admins,
TWI\Domain Analyst,
TWI\G-CDW_Techs,
TWI\G-ERP_Admin,
TWI\G-GSD-SRV-Admins,
TWI\G-Infrastructure_Systems_Admins,
TWI\G-MST_TECHS,
TWI\G-Vulnerability-Scan,
TWI\POS_Admin,
TWI\SCCM_Admin,
TWI\SCOM_Admin,
TWI\SQL_admin,
TWI\Sqlsvc_Prd,
The command completed successfully.,
,
ServerName,CHI-AXRS1[0]
Alias name     administrators,
Comment        ,
,
Members,
,
-------------------------------------------------------------------------------,
Administrator,
TWI\BI_Admins,
TWI\Domain Admins,
TWI\Domain Analyst,
TWI\G-CDW_Techs,
TWI\G-ERP_Admin,
TWI\G-GSD-SRV-Admins,
TWI\G-Infrastructure_Systems_Admins,
TWI\G-MST_TECHS,
TWI\G-Vulnerability-Scan,
TWI\POS_Admin,
TWI\SCCM_Admin,
TWI\SCOM_Admin,
TWI\SQL_admin,
TWI\Sqlsvc_Prd,
The command completed successfully.,
,
ServerName,CLE-AXRS1[0]
Alias name     administrators,
Comment        ,
,
Members,
,
-------------------------------------------------------------------------------,
Administrator,
TWI\BI_Admins,
TWI\Domain Admins,
TWI\Domain Analyst,
TWI\G-CDW_Techs,
TWI\G-ERP_Admin,
TWI\G-GSD-SRV-Admins,
TWI\G-Infrastructure_Systems_Admins,
TWI\G-MST_TECHS,
TWI\G-Vulnerability-Scan,
TWI\POS_Admin,
TWI\SCCM_Admin,
TWI\SCOM_Admin,
TWI\SQL_admin,
TWI\Sqlsvc_Prd,
The command completed successfully.,
,
ServerName,CLT-AXRS1[0]
Alias name     administrators,
Comment        ,
,
Members,
,
-------------------------------------------------------------------------------,
Administrator,
TWI\BI_Admins,
TWI\Domain Admins,
TWI\Domain Analyst,
TWI\G-CDW_Techs,
TWI\G-ERP_Admin,
TWI\G-GSD-SRV-Admins,
TWI\G-Infrastructure_Systems_Admins,
TWI\G-MST_TECHS,
TWI\G-Vulnerability-Scan,
TWI\POS_Admin,
TWI\SCCM_Admin,
TWI\SCOM_Admin,
TWI\SQL_admin,
TWI\Sqlsvc_Prd,
The command completed successfully.,
,
ServerName,CMD-AXRS1[0]
Alias name     administrators,
Comment        ,
,
Members,
,
-------------------------------------------------------------------------------,
Administrator,
TWI\BI_Admins,
TWI\Domain Admins,
TWI\Domain Analyst,
TWI\G-CDW_Techs,
TWI\G-ERP_Admin,
TWI\G-GSD-SRV-Admins,
TWI\G-Infrastructure_Systems_Admins,
TWI\G-MST_TECHS,
TWI\G-Vulnerability-Scan,
TWI\POS_Admin,
TWI\SCCM_Admin,
TWI\SCOM_Admin,
TWI\SQL_admin,
TWI\Sqlsvc_Prd,
The command completed successfully.,
,
ServerName,COBRO-AXRS1[0]
Alias name     administrators,
Comment        ,
,
Members,
,
-------------------------------------------------------------------------------,
Administrator,
TWI\BI_Admins,
TWI\Domain Admins,
TWI\Domain Analyst,
TWI\G-CDW_Techs,
TWI\G-ERP_Admin,
TWI\G-GSD-SRV-Admins,
TWI\G-Infrastructure_Systems_Admins,
TWI\G-MST_TECHS,
TWI\G-Vulnerability-Scan,
TWI\POS_Admin,
TWI\SCCM_Admin,
TWI\SCOM_Admin,
TWI\SQL_admin,
TWI\Sqlsvc_Prd,
The command completed successfully.,
,
ServerName,COL-AXRS1[0]
Alias name     administrators,
Comment        ,
,
Members,
,
-------------------------------------------------------------------------------,
Administrator,
TWI\BI_Admins,
TWI\Domain Admins,
TWI\Domain Analyst,
TWI\G-CDW_Techs,
TWI\G-ERP_Admin,
TWI\G-GSD-SRV-Admins,
TWI\G-Infrastructure_Systems_Admins,
TWI\G-MST_TECHS,
TWI\G-Vulnerability-Scan,
TWI\POS_Admin,
TWI\SCCM_Admin,
TWI\SCOM_Admin,
TWI\SQL_admin,
TWI\Sqlsvc_Prd,
The command completed successfully.,
,
ServerName,CR-6.comfortrevolution.local[0]
Alias name     administrators,
Comment        Administrators have complete and unrestricted access to the computer/domain,
,
Members,
,
-------------------------------------------------------------------------------,
Administrator,
COMFORTREV\Administrator,
COMFORTREV\awilson,
COMFORTREV\brankin,
COMFORTREV\Domain Admins,
COMFORTREV\gp_econnect,
COMFORTREV\gp_smartconnect,
COMFORTREV\rsabo,
TWI\admin-rmohrhauser,
TWI\Bridgette.Hobart,
TWI\Bruce.Rankin,
TWI\Domain Admins,
TWI\NTT_SQLAdmins,
TWI\SCOM_Admin,
TWI\SQL_admin,
The command completed successfully.,
,
ServerName,CRP-AXRS1[0]
Alias name     administrators,
Comment        ,
,
Members,
,
-------------------------------------------------------------------------------,
Administrator,
TWI\BI_Admins,
TWI\Domain Admins,
TWI\Domain Analyst,
TWI\G-CDW_Techs,
TWI\G-ERP_Admin,
TWI\G-GSD-SRV-Admins,
TWI\G-Infrastructure_Systems_Admins,
TWI\G-MST_TECHS,
TWI\G-Vulnerability-Scan,
TWI\POS_Admin,
TWI\SCCM_Admin,
TWI\SCOM_Admin,
TWI\SQL_admin,
TWI\Sqlsvc_Prd,
The command completed successfully.,
,
ServerName,CSM-AXRS1[0]
Alias name     administrators,
Comment        ,
,
Members,
,
-------------------------------------------------------------------------------,
Administrator,
TWI\BI_Admins,
TWI\Domain Admins,
TWI\Domain Analyst,
TWI\G-CDW_Techs,
TWI\G-ERP_Admin,
TWI\G-GSD-SRV-Admins,
TWI\G-Infrastructure_Systems_Admins,
TWI\G-MST_TECHS,
TWI\G-Vulnerability-Scan,
TWI\POS_Admin,
TWI\SCCM_Admin,
TWI\SCOM_Admin,
TWI\SQL_admin,
TWI\Sqlsvc_Prd,
The command completed successfully.,
,
ServerName,DNF-AXBI[0]
Alias name     administrators,
Comment        Administrators have complete and unrestricted access to the computer/domain,
,
Members,
,
-------------------------------------------------------------------------------,
Administrator,
TWI\BI_Admins,
TWI\DanFoamAdmins,
TWI\DNF-AXBI_LocalAdmins,
TWI\Domain Admins,
TWI\G-Vulnerability-Scan,
TWI\SQL_admin,
TWI\sqlbatch,
TWI\Sqlsvc_Prd,
The command completed successfully.,
,
ServerName,DNF-AXBI01[0]
Alias name     administrators,
Comment        Administrators have complete and unrestricted access to the computer/domain,
,
Members,
,
-------------------------------------------------------------------------------,
Administrator,
TWI\BI_Admins,
TWI\DanFoamAdmins,
TWI\DNF-AXBI_LocalAdmins,
TWI\DNF-AXBI01$,
TWI\DNF-AXBI01_DB,
TWI\DNF-AXBI01_LocalAdmi,
TWI\DNF-AXBI01_SSAS,
TWI\Domain Admins,
TWI\G-Vulnerability-Scan,
TWI\SQL_admin,
TWI\Sqlsvc_Prd,
The command completed successfully.,
,
ServerName,DNF-AXBI02[0]
Alias name     administrators,
Comment        Administrators have complete and unrestricted access to the computer/domain,
,
Members,
,
-------------------------------------------------------------------------------,
Administrator,
TWI\BI_Admins,
TWI\DanFoamAdmins,
TWI\DNF-AXBI02_LocalAdmi,
TWI\Domain Admins,
TWI\G-Vulnerability-Scan,
TWI\SQL_admin,
The command completed successfully.,
,
ServerName,DNF-SQLAXINT01[0]
Alias name     administrators,
Comment        Administrators have complete and unrestricted access to the computer/domain,
,
Members,
,
-------------------------------------------------------------------------------,
Administrator,
TWI\DanFoamAdmins,
TWI\DNF-SQLAXINT01_LocalAdmins,
TWI\Domain Admins,
TWI\G-ERP_Admin,
TWI\G-ERP_DB,
TWI\G-SQLServices,
TWI\G-Vulnerability-Scan,
TWI\sqlbatch,
TWI\Sqlsvc_Prd,
TWI\SQLSVCAgent_PRD,
The command completed successfully.,
,
ServerName,DNF-SQLAXINT03[0]
Alias name     administrators,
Comment        Administrators have complete and unrestricted access to the computer/domain,
,
Members,
,
-------------------------------------------------------------------------------,
Administrator,
TWI\DanFoamAdmins,
TWI\DNF-SQLAXINT03_LocalAdmins,
TWI\Domain Admins,
TWI\G-ERP_Admin,
TWI\G-ERP_DB,
TWI\G-Vulnerability-Scan,
TWI\sqlbatch,
TWI\Sqlsvc_Prd,
The command completed successfully.,
,
ServerName,DNF-SQLAX-JPPL[0]
Alias name     administrators,
Comment        Administrators have complete and unrestricted access to the computer/domain,
,
Members,
,
-------------------------------------------------------------------------------,
Administrator,
TWI\DanFoamAdmins,
TWI\DNF-SQLAX-JPPL_LocalAdmins,
TWI\Domain Admins,
TWI\G-ERP_DB,
TWI\G-Vulnerability-Scan,
TWI\SQL_admin,
TWI\sqlbatch,
The command completed successfully.,
,
ServerName,DNF-SQLAXSUP24[0]
Alias name     administrators,
Comment        Administrators have complete and unrestricted access to the computer/domain,
,
Members,
,
-------------------------------------------------------------------------------,
Administrator,
TWI\DanFoamAdmins,
TWI\DNF-SQLAXSUP24_Local,
TWI\Domain Admins,
TWI\G-ERP_Admin,
TWI\G-ERP_DB,
TWI\G-ERP_NTTSupport,
TWI\G-Vulnerability-Scan,
TWI\NTT_SQLAdmins,
TWI\SQL_admin,
TWI\sqlbatch,
TWI\svcAXAOSPRDINT,
TWI\svcAXBCPRDINT,
The command completed successfully.,
,
ServerName,DRF-AXRS1[0]
Alias name     administrators,
Comment        ,
,
Members,
,
-------------------------------------------------------------------------------,
Administrator,
TWI\BI_Admins,
TWI\Domain Admins,
TWI\Domain Analyst,
TWI\G-CDW_Techs,
TWI\G-ERP_Admin,
TWI\G-GSD-SRV-Admins,
TWI\G-Infrastructure_Systems_Admins,
TWI\G-MST_TECHS,
TWI\G-Vulnerability-Scan,
TWI\POS_Admin,
TWI\SCCM_Admin,
TWI\SCOM_Admin,
TWI\SQL_admin,
TWI\Sqlsvc_Prd,
The command completed successfully.,
,
ServerName,DRS-1DMSQL[0]
Alias name     administrators,
Comment        Administrators have complete and unrestricted access to the computer/domain,
,
Members,
,
-------------------------------------------------------------------------------,
Administrator,
Platinum,
TWI\CLU-1DMSQL-PRD$,
TWI\Domain Admins,
TWI\Domain Analyst,
TWI\G-GSD-SRV-Admins,
TWI\G-Infrastructure_Systems_Admins,
TWI\G-Vulnerability-Scan,
TWI\SCCM_Admin,
TWI\SCOM_Admin,
TWI\SQL.IAM,
TWI\SQL_admin,
TWI\sqlbatch,
TWI\Sqlsvc_Prd,
TWI\SQLSVCAgent_PRD,
The command completed successfully.,
,
ServerName,DRS-ARSQL01[0]
Alias name     administrators,
Comment        Administrators have complete and unrestricted access to the computer/domain,
,
Members,
,
-------------------------------------------------------------------------------,
Administrator,
Platinum,
TWI\BI_Admins,
TWI\Domain Admins,
TWI\Domain Analyst,
TWI\G-CDW_Techs,
TWI\G-ERP_Admin,
TWI\G-GSD-SRV-Admins,
TWI\G-Infrastructure_Systems_Admins,
TWI\G-SCOM_Admins,
TWI\G-Vulnerability-Scan,
TWI\POS_Admin,
TWI\SCCM_Admin,
TWI\SCOM_Admin,
TWI\SQL_admin,
TWI\sqlbatch,
TWI\Sqlsvc_Prd,
TWI\SQLSVCAgent_PRD,
The command completed successfully.,
,
ServerName,DRS-AXSQL02[0]
Alias name     administrators,
Comment        Administrators have complete and unrestricted access to the computer/domain,
,
Members,
,
-------------------------------------------------------------------------------,
Administrator,
TWI\admin-sfakharpour,
TWI\Domain Admins,
TWI\Domain Analyst,
TWI\G-ERP_Admin,
TWI\G-ERP_DB,
TWI\G-GSD-SRV-Admins,
TWI\G-Infrastructure_Systems_Admins,
TWI\G-SCCM_Admins,
TWI\G-SCOM_Admins,
TWI\G-Vulnerability-Scan,
TWI\sanadministrator,
TWI\SCCM_Admin,
TWI\SCOM_Admin,
TWI\scomsql,
TWI\SQL_admin,
TWI\sqlbatch,
TWI\Sqlsvc_Prd,
TWI\SQLSVCAgent_PRD,
TWI\svcAXAOSPRD,
TWI\svcAXBCPRD,
The command completed successfully.,
,
ServerName,DRS-B2BISQL01[0]
Alias name     administrators,
Comment        Administrators have complete and unrestricted access to the computer/domain,
,
Members,
,
-------------------------------------------------------------------------------,
Administrator,
Platinum,
TWI\Domain Admins,
TWI\G-GSD-SRV-Admins,
TWI\G-Infrastructure_Systems_Admins,
TWI\G-Vulnerability-Scan,
TWI\SCCM_Admin,
TWI\SCOM_Admin,
TWI\SQL_admin,
TWI\sqlbatch,
TWI\Sqlsvc_Prd,
TWI\ubdrsched,
The command completed successfully.,
,
ServerName,DRS-BISQL[0]
Alias name     administrators,
Comment        Administrators have complete and unrestricted access to the computer/domain,
,
Members,
,
-------------------------------------------------------------------------------,
Administrator,
Platinum,
TWI\BI_Admins,
TWI\Domain Admins,
TWI\Domain Analyst,
TWI\G-GSD-SRV-Admins,
TWI\G-Infrastructure_Systems_Admins,
TWI\G-Vulnerability-Scan,
TWI\SCCM_Admin,
TWI\SCOM_Admin,
TWI\SQL_admin,
TWI\sqlbatch,
TWI\Sqlsvc_Prd,
TWI\SQLSVCAgent_PRD,
TWI\svc.inmage,
TWI\svcTimeXtenderPRD_Cu,
TWI\svcTimeXtenderPRD_IN,
TWI\TimeXtenderBRIC.svc,
TWI\TimeXtenderDEV.Svc,
TWI\TimeXtenderPRD.Svc,
TWI\TimeXtenderPRD_HR,
TWI\TimeXtenderPRD_Nordi,
TWI\TimeXtenderTST.svc,
TWI\TimeXtenderUAT.svc,
The command completed successfully.,
,
ServerName,DRS-CRMSQL01[0]
Alias name     administrators,
Comment        Administrators have complete and unrestricted access to the computer/domain,
,
Members,
,
-------------------------------------------------------------------------------,
Administrator,
Platinum,
TWI\CRM_Install,
TWI\DL-TSM_Scheduling,
TWI\Domain Admins,
TWI\Domain Analyst,
TWI\G-GSD-SRV-Admins,
TWI\G-Infrastructure_Systems_Admins,
TWI\G-Vulnerability-Scan,
TWI\sanadministrator,
TWI\SCCM_Admin,
TWI\SCOM_Admin,
TWI\SQL_admin,
TWI\sqlbatch,
TWI\Sqlsvc_Prd,
TWI\SQLSVCAgent_PRD,
TWI\svcSPCRMPRDFM,
TWI\svcSPCRMPRDIN,
The command completed successfully.,
,
ServerName,DRS-OLAP01[0]
Alias name     administrators,
Comment        Administrators have complete and unrestricted access to the computer/domain,
,
Members,
,
-------------------------------------------------------------------------------,
Administrator,
Platinum,
TWI\Domain Admins,
TWI\Domain Analyst,
TWI\G-GSD-SRV-Admins,
TWI\G-Infrastructure_Systems_Admins,
TWI\G-SCCM_Admins,
TWI\G-SCOM_Admins,
TWI\G-Vulnerability-Scan,
TWI\sanadministrator,
TWI\SCCM_Admin,
TWI\SCOM_Admin,
TWI\scomsql,
TWI\SQL_admin,
TWI\sqlbatch,
TWI\Sqlsvc_Prd,
TWI\SVCTPP_SCCPRD,
The command completed successfully.,
,
ServerName,DRS-OLTP01[0]
Alias name     administrators,
Comment        ,
,
Members,
,
-------------------------------------------------------------------------------,
Administrator,
Platinum,
TWI\Domain Admins,
TWI\Domain Analyst,
TWI\G-GSD-SRV-Admins,
TWI\G-Infrastructure_Systems_Admins,
TWI\G-SCCM_Admins,
TWI\G-SCOM_Admins,
TWI\G-Vulnerability-Scan,
TWI\sanadministrator,
TWI\SCCM_Admin,
TWI\SCOM_Admin,
TWI\SQL_admin,
TWI\sqlbatch,
TWI\Sqlsvc_Prd,
The command completed successfully.,
,
ServerName,DRS-SPSQL01[0]
Alias name     administrators,
Comment        Administrators have complete and unrestricted access to the computer/domain,
,
Members,
,
-------------------------------------------------------------------------------,
Administrator,
Platinum,
TWI\Domain Admins,
TWI\Domain Analyst,
TWI\G-GSD-SRV-Admins,
TWI\G-Infrastructure_Systems_Admins,
TWI\G-SCCM_Admins,
TWI\G-SCOM_Admins,
TWI\G-SharePointAdmins,
TWI\G-Vulnerability-Scan,
TWI\sanadministrator,
TWI\SCCM_Admin,
TWI\SCOM_Admin,
TWI\SQL_admin,
TWI\sqlbatch,
TWI\Sqlsvc_Prd,
TWI\SQLSVCAgent_PRD,
TWI\svcFIMSPSYNC,
TWI\svcSPAMON,
The command completed successfully.,
,
ServerName,DRS-STSQL01[0]
Alias name     administrators,
Comment        Administrators have complete and unrestricted access to the computer/domain,
,
Members,
,
-------------------------------------------------------------------------------,
Administrator,
Platinum,
TWI\Domain Admins,
TWI\Domain Analyst,
TWI\G-SCOM_Admins,
TWI\G-Vulnerability-Scan,
TWI\SQL_admin,
TWI\sqlbatch,
TWI\Sqlsvc_Prd,
TWI\SQLSVCAgent_PRD,
The command completed successfully.,
,
ServerName,DRS-VMM[0]
Alias name     administrators,
Comment        ,
,
Members,
,
-------------------------------------------------------------------------------,
Administrator,
TWI\Domain Admins,
TWI\DRS-VMM$,
TWI\DR-VMMRASACCT,
TWI\G-GSD-SRV-Admins,
TWI\G-Infrastructure_Systems_Admins,
TWI\G-Vulnerability-Scan,
TWI\SCCM_Admin,
TWI\SCOM_Admin,
TWI\SQL_admin,
TWI\sqlbatch,
TWI\SvcDRSQL,
TWI\SvcDRVMM,
TWI\svczerto,
The command completed successfully.,
,
ServerName,DTX-AXRS1[0]
Alias name     administrators,
Comment        ,
,
Members,
,
-------------------------------------------------------------------------------,
Administrator,
TWI\BI_Admins,
TWI\Domain Admins,
TWI\Domain Analyst,
TWI\G-CDW_Techs,
TWI\G-ERP_Admin,
TWI\G-GSD-SRV-Admins,
TWI\G-Infrastructure_Systems_Admins,
TWI\G-MST_TECHS,
TWI\G-Vulnerability-Scan,
TWI\POS_Admin,
TWI\SCCM_Admin,
TWI\SCOM_Admin,
TWI\SQL_admin,
TWI\Sqlsvc_Prd,
The command completed successfully.,
,
ServerName,FLCGA-AXRS1[0]
Alias name     administrators,
Comment        ,
,
Members,
,
-------------------------------------------------------------------------------,
Administrator,
TWI\BI_Admins,
TWI\Domain Admins,
TWI\Domain Analyst,
TWI\G-CDW_Techs,
TWI\G-ERP_Admin,
TWI\G-GSD-SRV-Admins,
TWI\G-Infrastructure_Systems_Admins,
TWI\G-MST_TECHS,
TWI\G-Vulnerability-Scan,
TWI\POS_Admin,
TWI\SCCM_Admin,
TWI\SCOM_Admin,
TWI\SQL_admin,
TWI\Sqlsvc_Prd,
The command completed successfully.,
,
ServerName,FLJAC-AXRS1[0]
Alias name     administrators,
Comment        ,
,
Members,
,
-------------------------------------------------------------------------------,
Administrator,
TWI\BI_Admins,
TWI\Domain Admins,
TWI\Domain Analyst,
TWI\G-CDW_Techs,
TWI\G-ERP_Admin,
TWI\G-GSD-SRV-Admins,
TWI\G-Infrastructure_Systems_Admins,
TWI\G-MST_TECHS,
TWI\G-Vulnerability-Scan,
TWI\POS_Admin,
TWI\SCCM_Admin,
TWI\SCOM_Admin,
TWI\SQL_admin,
TWI\Sqlsvc_Prd,
The command completed successfully.,
,
ServerName,FLPBE-AXRS1[0]
Alias name     administrators,
Comment        ,
,
Members,
,
-------------------------------------------------------------------------------,
Administrator,
TWI\BI_Admins,
TWI\Domain Admins,
TWI\Domain Analyst,
TWI\G-CDW_Techs,
TWI\G-ERP_Admin,
TWI\G-GSD-SRV-Admins,
TWI\G-Infrastructure_Systems_Admins,
TWI\G-MST_TECHS,
TWI\G-Vulnerability-Scan,
TWI\POS_Admin,
TWI\SCCM_Admin,
TWI\SCOM_Admin,
TWI\SQL_admin,
TWI\Sqlsvc_Prd,
The command completed successfully.,
,
ServerName,FLSAR-AXRS1[0]
Alias name     administrators,
Comment        ,
,
Members,
,
-------------------------------------------------------------------------------,
Administrator,
TWI\BI_Admins,
TWI\Domain Admins,
TWI\Domain Analyst,
TWI\G-CDW_Techs,
TWI\G-ERP_Admin,
TWI\G-GSD-SRV-Admins,
TWI\G-Infrastructure_Systems_Admins,
TWI\G-MST_TECHS,
TWI\G-Vulnerability-Scan,
TWI\POS_Admin,
TWI\SCCM_Admin,
TWI\SCOM_Admin,
TWI\SQL_admin,
TWI\Sqlsvc_Prd,
The command completed successfully.,
,
ServerName,FLWPA-AXRS1[0]
Alias name     administrators,
Comment        ,
,
Members,
,
-------------------------------------------------------------------------------,
Administrator,
TWI\BI_Admins,
TWI\Domain Admins,
TWI\Domain Analyst,
TWI\G-CDW_Techs,
TWI\G-ERP_Admin,
TWI\G-GSD-SRV-Admins,
TWI\G-Infrastructure_Systems_Admins,
TWI\G-MST_TECHS,
TWI\G-Vulnerability-Scan,
TWI\POS_Admin,
TWI\SCCM_Admin,
TWI\SCOM_Admin,
TWI\SQL_admin,
TWI\Sqlsvc_Prd,
The command completed successfully.,
,
ServerName,GAALP-AXRS1[0]
Alias name     administrators,
Comment        ,
,
Members,
,
-------------------------------------------------------------------------------,
Administrator,
TWI\BI_Admins,
TWI\Domain Admins,
TWI\Domain Analyst,
TWI\G-CDW_Techs,
TWI\G-ERP_Admin,
TWI\G-GSD-SRV-Admins,
TWI\G-Infrastructure_Systems_Admins,
TWI\G-MST_TECHS,
TWI\G-Vulnerability-Scan,
TWI\POS_Admin,
TWI\SCCM_Admin,
TWI\SCOM_Admin,
TWI\SQL_admin,
TWI\Sqlsvc_Prd,
The command completed successfully.,
,
ServerName,GAATL-AXRS1[0]
Alias name     administrators,
Comment        ,
,
Members,
,
-------------------------------------------------------------------------------,
Administrator,
TWI\BI_Admins,
TWI\Domain Admins,
TWI\Domain Analyst,
TWI\G-CDW_Techs,
TWI\G-ERP_Admin,
TWI\G-GSD-SRV-Admins,
TWI\G-Infrastructure_Systems_Admins,
TWI\G-MST_TECHS,
TWI\G-Vulnerability-Scan,
TWI\POS_Admin,
TWI\SCCM_Admin,
TWI\SCOM_Admin,
TWI\SQL_admin,
TWI\Sqlsvc_Prd,
The command completed successfully.,
,
ServerName,GAZ-AXRS1[0]
Alias name     administrators,
Comment        ,
,
Members,
,
-------------------------------------------------------------------------------,
Administrator,
TWI\BI_Admins,
TWI\Domain Admins,
TWI\Domain Analyst,
TWI\G-CDW_Techs,
TWI\G-ERP_Admin,
TWI\G-GSD-SRV-Admins,
TWI\G-Infrastructure_Systems_Admins,
TWI\G-MST_TECHS,
TWI\G-Vulnerability-Scan,
TWI\POS_Admin,
TWI\SCCM_Admin,
TWI\SCOM_Admin,
TWI\SQL_admin,
TWI\Sqlsvc_Prd,
The command completed successfully.,
,
ServerName,GLD-AXRSDS01[0]
Alias name     administrators,
Comment        ,
,
Members,
,
-------------------------------------------------------------------------------,
Administrator,
TWI\BI_Admins,
TWI\Domain Admins,
TWI\Domain Analyst,
TWI\G-CDW_Techs,
TWI\G-ERP_Admin,
TWI\G-GSD-SRV-Admins,
TWI\G-Infrastructure_Systems_Admins,
TWI\G-MST_TECHS,
TWI\G-Vulnerability-Scan,
TWI\POS_Admin,
TWI\SCCM_Admin,
TWI\SCOM_Admin,
TWI\SQL_admin,
TWI\Sqlsvc_Prd,
The command completed successfully.,
,
ServerName,HAR-AXRS1[0]
Alias name     administrators,
Comment        ,
,
Members,
,
-------------------------------------------------------------------------------,
Administrator,
TWI\BI_Admins,
TWI\Domain Admins,
TWI\Domain Analyst,
TWI\G-CDW_Techs,
TWI\G-ERP_Admin,
TWI\G-GSD-SRV-Admins,
TWI\G-Infrastructure_Systems_Admins,
TWI\G-MST_TECHS,
TWI\G-Vulnerability-Scan,
TWI\POS_Admin,
TWI\SCCM_Admin,
TWI\SCOM_Admin,
TWI\SQL_admin,
TWI\Sqlsvc_Prd,
The command completed successfully.,
,
ServerName,IADMO-AXRS1[0]
Alias name     administrators,
Comment        ,
,
Members,
,
-------------------------------------------------------------------------------,
Administrator,
TWI\BI_Admins,
TWI\Domain Admins,
TWI\Domain Analyst,
TWI\G-CDW_Techs,
TWI\G-ERP_Admin,
TWI\G-GSD-SRV-Admins,
TWI\G-Infrastructure_Systems_Admins,
TWI\G-MST_TECHS,
TWI\G-Vulnerability-Scan,
TWI\POS_Admin,
TWI\SCCM_Admin,
TWI\SCOM_Admin,
TWI\SQL_admin,
TWI\Sqlsvc_Prd,
The command completed successfully.,
,
ServerName,IDBOI-AXRS1[0]
Alias name     administrators,
Comment        ,
,
Members,
,
-------------------------------------------------------------------------------,
Administrator,
TWI\BI_Admins,
TWI\Domain Admins,
TWI\Domain Analyst,
TWI\G-ERP_Admin,
TWI\G-GSD-SRV-Admins,
TWI\G-Infrastructure_Systems_Admins,
TWI\G-MST_TECHS,
TWI\G-Vulnerability-Scan,
TWI\POS_Admin,
TWI\SCCM_Admin,
TWI\SCOM_Admin,
TWI\SQL_admin,
TWI\Sqlsvc_Prd,
The command completed successfully.,
,
ServerName,IDP-AXRS1[0]
Alias name     administrators,
Comment        ,
,
Members,
,
-------------------------------------------------------------------------------,
Administrator,
TWI\BI_Admins,
TWI\Domain Admins,
TWI\Domain Analyst,
TWI\G-CDW_Techs,
TWI\G-ERP_Admin,
TWI\G-GSD-SRV-Admins,
TWI\G-Infrastructure_Systems_Admins,
TWI\G-MST_TECHS,
TWI\G-Vulnerability-Scan,
TWI\POS_Admin,
TWI\SCCM_Admin,
TWI\SCOM_Admin,
TWI\SQL_admin,
TWI\Sqlsvc_Prd,
The command completed successfully.,
,
ServerName,ILOAK-AXRS1[0]
Alias name     administrators,
Comment        ,
,
Members,
,
-------------------------------------------------------------------------------,
Administrator,
TWI\BI_Admins,
TWI\Domain Admins,
TWI\Domain Analyst,
TWI\G-CDW_Techs,
TWI\G-ERP_Admin,
TWI\G-GSD-SRV-Admins,
TWI\G-Infrastructure_Systems_Admins,
TWI\G-MST_TECHS,
TWI\G-Vulnerability-Scan,
TWI\POS_Admin,
TWI\SCCM_Admin,
TWI\SCOM_Admin,
TWI\SQL_admin,
TWI\Sqlsvc_Prd,
The command completed successfully.,
,
ServerName,KID-AXRS1[0]
Alias name     administrators,
Comment        ,
,
Members,
,
-------------------------------------------------------------------------------,
Administrator,
TWI\BI_Admins,
TWI\Domain Admins,
TWI\Domain Analyst,
TWI\G-CDW_Techs,
TWI\G-ERP_Admin,
TWI\G-GSD-SRV-Admins,
TWI\G-Infrastructure_Systems_Admins,
TWI\G-MST_TECHS,
TWI\G-Vulnerability-Scan,
TWI\POS_Admin,
TWI\SCCM_Admin,
TWI\SCOM_Admin,
TWI\SQL_admin,
TWI\Sqlsvc_Prd,
The command completed successfully.,
,
ServerName,KOP-AXRS1[0]
Alias name     administrators,
Comment        ,
,
Members,
,
-------------------------------------------------------------------------------,
Administrator,
TWI\BI_Admins,
TWI\Domain Admins,
TWI\Domain Analyst,
TWI\G-CDW_Techs,
TWI\G-ERP_Admin,
TWI\G-GSD-SRV-Admins,
TWI\G-Infrastructure_Systems_Admins,
TWI\G-MST_TECHS,
TWI\G-Vulnerability-Scan,
TWI\POS_Admin,
TWI\SCCM_Admin,
TWI\SCOM_Admin,
TWI\SQL_admin,
TWI\Sqlsvc_Prd,
The command completed successfully.,
,
ServerName,LAMET-AXRS1[0]
Alias name     administrators,
Comment        ,
,
Members,
,
-------------------------------------------------------------------------------,
Administrator,
TWI\BI_Admins,
TWI\Domain Admins,
TWI\Domain Analyst,
TWI\G-CDW_Techs,
TWI\G-ERP_Admin,
TWI\G-GSD-SRV-Admins,
TWI\G-Infrastructure_Systems_Admins,
TWI\G-MST_TECHS,
TWI\G-Vulnerability-Scan,
TWI\POS_Admin,
TWI\SCCM_Admin,
TWI\SCOM_Admin,
TWI\SQL_admin,
TWI\Sqlsvc_Prd,
The command completed successfully.,
,
ServerName,LGI-AXRS1[0]
Alias name     administrators,
Comment        ,
,
Members,
,
-------------------------------------------------------------------------------,
Administrator,
TWI\BI_Admins,
TWI\Domain Admins,
TWI\Domain Analyst,
TWI\G-CDW_Techs,
TWI\G-ERP_Admin,
TWI\G-GSD-SRV-Admins,
TWI\G-Infrastructure_Systems_Admins,
TWI\G-MST_TECHS,
TWI\G-Vulnerability-Scan,
TWI\POS_Admin,
TWI\SCCM_Admin,
TWI\SCOM_Admin,
TWI\SQL_admin,
TWI\Sqlsvc_Prd,
The command completed successfully.,
,
ServerName,LIV-AXRS1[0]
Alias name     administrators,
Comment        ,
,
Members,
,
-------------------------------------------------------------------------------,
Administrator,
TWI\BI_Admins,
TWI\Domain Admins,
TWI\Domain Analyst,
TWI\G-CDW_Techs,
TWI\G-ERP_Admin,
TWI\G-GSD-SRV-Admins,
TWI\G-Infrastructure_Systems_Admins,
TWI\G-MST_TECHS,
TWI\G-Vulnerability-Scan,
TWI\POS_Admin,
TWI\SCCM_Admin,
TWI\SCOM_Admin,
TWI\SQL_admin,
TWI\Sqlsvc_Prd,
The command completed successfully.,
,
ServerName,LJA-AXRS1[0]
Alias name     administrators,
Comment        ,
,
Members,
,
-------------------------------------------------------------------------------,
Administrator,
TWI\BI_Admins,
TWI\Domain Admins,
TWI\Domain Analyst,
TWI\G-CDW_Techs,
TWI\G-ERP_Admin,
TWI\G-GSD-SRV-Admins,
TWI\G-Infrastructure_Systems_Admins,
TWI\G-MST_TECHS,
TWI\G-Vulnerability-Scan,
TWI\POS_Admin,
TWI\SCCM_Admin,
TWI\SCOM_Admin,
TWI\SQL_admin,
TWI\Sqlsvc_Prd,
The command completed successfully.,
,
ServerName,LKS-AXRS1[0]
Alias name     administrators,
Comment        ,
,
Members,
,
-------------------------------------------------------------------------------,
Administrator,
TWI\BI_Admins,
TWI\Domain Admins,
TWI\Domain Analyst,
TWI\G-CDW_Techs,
TWI\G-ERP_Admin,
TWI\G-GSD-SRV-Admins,
TWI\G-Infrastructure_Systems_Admins,
TWI\G-MST_TECHS,
TWI\G-Vulnerability-Scan,
TWI\POS_Admin,
TWI\SCCM_Admin,
TWI\SCOM_Admin,
TWI\SQL_admin,
TWI\Sqlsvc_Prd,
The command completed successfully.,
,
ServerName,LYN-AXRS1[0]
Alias name     administrators,
Comment        ,
,
Members,
,
-------------------------------------------------------------------------------,
Administrator,
TWI\BI_Admins,
TWI\Domain Admins,
TWI\Domain Analyst,
TWI\G-CDW_Techs,
TWI\G-ERP_Admin,
TWI\G-GSD-SRV-Admins,
TWI\G-Infrastructure_Systems_Admins,
TWI\G-MST_TECHS,
TWI\G-Vulnerability-Scan,
TWI\POS_Admin,
TWI\SCCM_Admin,
TWI\SCOM_Admin,
TWI\SQL_admin,
TWI\Sqlsvc_Prd,
The command completed successfully.,
,
ServerName,MADED-AXRS1[0]
Alias name     administrators,
Comment        ,
,
Members,
,
-------------------------------------------------------------------------------,
Administrator,
TWI\BI_Admins,
TWI\Domain Admins,
TWI\Domain Analyst,
TWI\G-CDW_Techs,
TWI\G-ERP_Admin,
TWI\G-GSD-SRV-Admins,
TWI\G-Infrastructure_Systems_Admins,
TWI\G-MST_TECHS,
TWI\G-Vulnerability-Scan,
TWI\POS_Admin,
TWI\SCCM_Admin,
TWI\SCOM_Admin,
TWI\SQL_admin,
TWI\Sqlsvc_Prd,
The command completed successfully.,
,
ServerName,MADED-AXRS1[0]
Alias name     administrators,
Comment        ,
,
Members,
,
-------------------------------------------------------------------------------,
Administrator,
TWI\BI_Admins,
TWI\Domain Admins,
TWI\Domain Analyst,
TWI\G-CDW_Techs,
TWI\G-ERP_Admin,
TWI\G-GSD-SRV-Admins,
TWI\G-Infrastructure_Systems_Admins,
TWI\G-MST_TECHS,
TWI\G-Vulnerability-Scan,
TWI\POS_Admin,
TWI\SCCM_Admin,
TWI\SCOM_Admin,
TWI\SQL_admin,
TWI\Sqlsvc_Prd,
The command completed successfully.,
,
ServerName,MIGRA-AXRS1[0]
Alias name     administrators,
Comment        ,
,
Members,
,
-------------------------------------------------------------------------------,
Administrator,
TWI\BI_Admins,
TWI\Domain Admins,
TWI\Domain Analyst,
TWI\G-CDW_Techs,
TWI\G-ERP_Admin,
TWI\G-GSD-SRV-Admins,
TWI\G-Infrastructure_Systems_Admins,
TWI\G-MST_TECHS,
TWI\G-Vulnerability-Scan,
TWI\POS_Admin,
TWI\SCCM_Admin,
TWI\SCOM_Admin,
TWI\SQL_admin,
TWI\Sqlsvc_Prd,
The command completed successfully.,
,
ServerName,MINOV-AXRS1[0]
Alias name     administrators,
Comment        ,
,
Members,
,
-------------------------------------------------------------------------------,
Administrator,
TWI\BI_Admins,
TWI\Domain Admins,
TWI\Domain Analyst,
TWI\G-CDW_Techs,
TWI\G-ERP_Admin,
TWI\G-GSD-SRV-Admins,
TWI\G-Infrastructure_Systems_Admins,
TWI\G-MST_TECHS,
TWI\G-Vulnerability-Scan,
TWI\POS_Admin,
TWI\SCCM_Admin,
TWI\SCOM_Admin,
TWI\SQL_admin,
TWI\Sqlsvc_Prd,
The command completed successfully.,
,
ServerName,MITRO-AXRS1[0]
Alias name     administrators,
Comment        ,
,
Members,
,
-------------------------------------------------------------------------------,
Administrator,
TWI\BI_Admins,
TWI\Domain Admins,
TWI\Domain Analyst,
TWI\G-CDW_Techs,
TWI\G-ERP_Admin,
TWI\G-GSD-SRV-Admins,
TWI\G-Infrastructure_Systems_Admins,
TWI\G-MST_TECHS,
TWI\G-Vulnerability-Scan,
TWI\POS_Admin,
TWI\SCCM_Admin,
TWI\SCOM_Admin,
TWI\SQL_admin,
TWI\Sqlsvc_Prd,
The command completed successfully.,
,
ServerName,MNY-AXRS1[0]
Alias name     administrators,
Comment        ,
,
Members,
,
-------------------------------------------------------------------------------,
Administrator,
TWI\BI_Admins,
TWI\Domain Admins,
TWI\Domain Analyst,
TWI\G-CDW_Techs,
TWI\G-ERP_Admin,
TWI\G-GSD-SRV-Admins,
TWI\G-Infrastructure_Systems_Admins,
TWI\G-MST_TECHS,
TWI\G-Vulnerability-Scan,
TWI\POS_Admin,
TWI\SCCM_Admin,
TWI\SCOM_Admin,
TWI\SQL_admin,
TWI\Sqlsvc_Prd,
The command completed successfully.,
,
ServerName,MOSLO-AXRS1[0]
Alias name     administrators,
Comment        ,
,
Members,
,
-------------------------------------------------------------------------------,
Administrator,
TWI\BI_Admins,
TWI\Domain Admins,
TWI\Domain Analyst,
TWI\G-CDW_Techs,
TWI\G-ERP_Admin,
TWI\G-GSD-SRV-Admins,
TWI\G-Infrastructure_Systems_Admins,
TWI\G-MST_TECHS,
TWI\G-Vulnerability-Scan,
TWI\POS_Admin,
TWI\SCCM_Admin,
TWI\SCOM_Admin,
TWI\SQL_admin,
TWI\Sqlsvc_Prd,
The command completed successfully.,
,
ServerName,MRB-AXRS1[0]
Alias name     administrators,
Comment        ,
,
Members,
,
-------------------------------------------------------------------------------,
Administrator,
TWI\BI_Admins,
TWI\Domain Admins,
TWI\Domain Analyst,
TWI\G-CDW_Techs,
TWI\G-ERP_Admin,
TWI\G-GSD-SRV-Admins,
TWI\G-Infrastructure_Systems_Admins,
TWI\G-MST_TECHS,
TWI\G-Vulnerability-Scan,
TWI\POS_Admin,
TWI\SCCM_Admin,
TWI\SCOM_Admin,
TWI\SQL_admin,
TWI\Sqlsvc_Prd,
The command completed successfully.,
,
ServerName,MSV-AXRS1[0]
Alias name     administrators,
Comment        ,
,
Members,
,
-------------------------------------------------------------------------------,
Administrator,
TWI\BI_Admins,
TWI\Domain Admins,
TWI\Domain Analyst,
TWI\G-CDW_Techs,
TWI\G-ERP_Admin,
TWI\G-GSD-SRV-Admins,
TWI\G-Infrastructure_Systems_Admins,
TWI\G-MST_TECHS,
TWI\G-Vulnerability-Scan,
TWI\POS_Admin,
TWI\SCCM_Admin,
TWI\SCOM_Admin,
TWI\SQL_admin,
TWI\Sqlsvc_Prd,
The command completed successfully.,
,
ServerName,NAS-AXRS1[0]
Alias name     administrators,
Comment        ,
,
Members,
,
-------------------------------------------------------------------------------,
Administrator,
TWI\BI_Admins,
TWI\Domain Admins,
TWI\Domain Analyst,
TWI\G-CDW_Techs,
TWI\G-ERP_Admin,
TWI\G-GSD-SRV-Admins,
TWI\G-Infrastructure_Systems_Admins,
TWI\G-MST_TECHS,
TWI\G-Vulnerability-Scan,
TWI\POS_Admin,
TWI\SCCM_Admin,
TWI\SCOM_Admin,
TWI\SQL_admin,
TWI\Sqlsvc_Prd,
The command completed successfully.,
,
ServerName,NAT-AXRS1[0]
Alias name     administrators,
Comment        ,
,
Members,
,
-------------------------------------------------------------------------------,
Administrator,
TWI\BI_Admins,
TWI\Domain Admins,
TWI\Domain Analyst,
TWI\G-CDW_Techs,
TWI\G-ERP_Admin,
TWI\G-GSD-SRV-Admins,
TWI\G-Infrastructure_Systems_Admins,
TWI\G-MST_TECHS,
TWI\G-Vulnerability-Scan,
TWI\POS_Admin,
TWI\SCCM_Admin,
TWI\SCOM_Admin,
TWI\SQL_admin,
TWI\Sqlsvc_Prd,
The command completed successfully.,
,
ServerName,NCT-AXRS1[0]
Alias name     administrators,
Comment        ,
,
Members,
,
-------------------------------------------------------------------------------,
Administrator,
TWI\BI_Admins,
TWI\Domain Admins,
TWI\Domain Analyst,
TWI\G-CDW_Techs,
TWI\G-ERP_Admin,
TWI\G-GSD-SRV-Admins,
TWI\G-Infrastructure_Systems_Admins,
TWI\G-MST_TECHS,
TWI\G-Vulnerability-Scan,
TWI\POS_Admin,
TWI\SCCM_Admin,
TWI\SCOM_Admin,
TWI\SQL_admin,
TWI\Sqlsvc_Prd,
The command completed successfully.,
,
ServerName,NJCHI-AXRS1[0]
Alias name     administrators,
Comment        ,
,
Members,
,
-------------------------------------------------------------------------------,
Administrator,
TWI\BI_Admins,
TWI\Domain Admins,
TWI\Domain Analyst,
TWI\G-ERP_Admin,
TWI\G-GSD-SRV-Admins,
TWI\G-Infrastructure_Systems_Admins,
TWI\G-MST_TECHS,
TWI\G-Vulnerability-Scan,
TWI\POS_Admin,
TWI\SCCM_Admin,
TWI\SCOM_Admin,
TWI\SQL_admin,
TWI\Sqlsvc_Prd,
The command completed successfully.,
,
ServerName,OHCIN-AXRS1[0]
Alias name     administrators,
Comment        ,
,
Members,
,
-------------------------------------------------------------------------------,
Administrator,
TWI\BI_Admins,
TWI\Domain Admins,
TWI\Domain Analyst,
TWI\G-CDW_Techs,
TWI\G-ERP_Admin,
TWI\G-GSD-SRV-Admins,
TWI\G-Infrastructure_Systems_Admins,
TWI\G-MST_TECHS,
TWI\G-Vulnerability-Scan,
TWI\POS_Admin,
TWI\SCCM_Admin,
TWI\SCOM_Admin,
TWI\SQL_admin,
TWI\Sqlsvc_Prd,
The command completed successfully.,
,
ServerName,PAC-AXRS1[0]
Alias name     administrators,
Comment        ,
,
Members,
,
-------------------------------------------------------------------------------,
Administrator,
TWI\BI_Admins,
TWI\Domain Admins,
TWI\Domain Analyst,
TWI\G-CDW_Techs,
TWI\G-ERP_Admin,
TWI\G-GSD-SRV-Admins,
TWI\G-Infrastructure_Systems_Admins,
TWI\G-MST_TECHS,
TWI\G-Vulnerability-Scan,
TWI\POS_Admin,
TWI\SCCM_Admin,
TWI\SCOM_Admin,
TWI\SQL_admin,
TWI\Sqlsvc_Prd,
The command completed successfully.,
,
ServerName,PAR-AXRS1[0]
Alias name     administrators,
Comment        ,
,
Members,
,
-------------------------------------------------------------------------------,
Administrator,
TWI\BI_Admins,
TWI\Domain Admins,
TWI\Domain Analyst,
TWI\G-CDW_Techs,
TWI\G-ERP_Admin,
TWI\G-GSD-SRV-Admins,
TWI\G-Infrastructure_Systems_Admins,
TWI\G-MST_TECHS,
TWI\G-Vulnerability-Scan,
TWI\POS_Admin,
TWI\SCCM_Admin,
TWI\SCOM_Admin,
TWI\SQL_admin,
TWI\Sqlsvc_Prd,
The command completed successfully.,
,
ServerName,PMM-AXRS1[0]
Alias name     administrators,
Comment        ,
,
Members,
,
-------------------------------------------------------------------------------,
Administrator,
TWI\BI_Admins,
TWI\Domain Admins,
TWI\Domain Analyst,
TWI\G-CDW_Techs,
TWI\G-ERP_Admin,
TWI\G-GSD-SRV-Admins,
TWI\G-Infrastructure_Systems_Admins,
TWI\G-MST_TECHS,
TWI\G-Vulnerability-Scan,
TWI\POS_Admin,
TWI\SCCM_Admin,
TWI\SCOM_Admin,
TWI\SQL_admin,
TWI\Sqlsvc_Prd,
The command completed successfully.,
,
ServerName,PTC-AXRS1[0]
Alias name     administrators,
Comment        ,
,
Members,
,
-------------------------------------------------------------------------------,
Administrator,
TWI\BI_Admins,
TWI\Domain Admins,
TWI\Domain Analyst,
TWI\G-CDW_Techs,
TWI\G-ERP_Admin,
TWI\G-GSD-SRV-Admins,
TWI\G-Infrastructure_Systems_Admins,
TWI\G-MST_TECHS,
TWI\G-Vulnerability-Scan,
TWI\POS_Admin,
TWI\SCCM_Admin,
TWI\SCOM_Admin,
TWI\SQL_admin,
TWI\Sqlsvc_Prd,
The command completed successfully.,
,
ServerName,RCA-AXRS1[0]
Alias name     administrators,
Comment        ,
,
Members,
,
-------------------------------------------------------------------------------,
Administrator,
TWI\BI_Admins,
TWI\Domain Admins,
TWI\Domain Analyst,
TWI\G-CDW_Techs,
TWI\G-ERP_Admin,
TWI\G-GSD-SRV-Admins,
TWI\G-Infrastructure_Systems_Admins,
TWI\G-MST_TECHS,
TWI\G-Vulnerability-Scan,
TWI\POS_Admin,
TWI\SCCM_Admin,
TWI\SCOM_Admin,
TWI\SQL_admin,
TWI\Sqlsvc_Prd,
The command completed successfully.,
,
ServerName,RCC-AXRS1[0]
Alias name     administrators,
Comment        ,
,
Members,
,
-------------------------------------------------------------------------------,
Administrator,
TWI\BI_Admins,
TWI\Domain Admins,
TWI\Domain Analyst,
TWI\G-CDW_Techs,
TWI\G-ERP_Admin,
TWI\G-GSD-SRV-Admins,
TWI\G-Infrastructure_Systems_Admins,
TWI\G-MST_TECHS,
TWI\G-Vulnerability-Scan,
TWI\POS_Admin,
TWI\SCCM_Admin,
TWI\SCOM_Admin,
TWI\SQL_admin,
TWI\Sqlsvc_Prd,
The command completed successfully.,
,
ServerName,RDU-AXRS1[0]
Alias name     administrators,
Comment        ,
,
Members,
,
-------------------------------------------------------------------------------,
Administrator,
TWI\BI_Admins,
TWI\Domain Admins,
TWI\Domain Analyst,
TWI\G-CDW_Techs,
TWI\G-ERP_Admin,
TWI\G-GSD-SRV-Admins,
TWI\G-Infrastructure_Systems_Admins,
TWI\G-MST_TECHS,
TWI\G-Vulnerability-Scan,
TWI\POS_Admin,
TWI\SCCM_Admin,
TWI\SCOM_Admin,
TWI\SQL_admin,
TWI\Sqlsvc_Prd,
The command completed successfully.,
,
ServerName,RICRA-AXRS1[0]
Alias name     administrators,
Comment        ,
,
Members,
,
-------------------------------------------------------------------------------,
Administrator,
TWI\BI_Admins,
TWI\Domain Admins,
TWI\Domain Analyst,
TWI\G-CDW_Techs,
TWI\G-ERP_Admin,
TWI\G-GSD-SRV-Admins,
TWI\G-Infrastructure_Systems_Admins,
TWI\G-MST_TECHS,
TWI\G-Vulnerability-Scan,
TWI\POS_Admin,
TWI\SCCM_Admin,
TWI\SCOM_Admin,
TWI\SQL_admin,
TWI\Sqlsvc_Prd,
The command completed successfully.,
,
ServerName,SAT-AXRS1[0]
Alias name     administrators,
Comment        ,
,
Members,
,
-------------------------------------------------------------------------------,
Administrator,
TWI\BI_Admins,
TWI\Domain Admins,
TWI\Domain Analyst,
TWI\G-CDW_Techs,
TWI\G-ERP_Admin,
TWI\G-GSD-SRV-Admins,
TWI\G-Infrastructure_Systems_Admins,
TWI\G-MST_TECHS,
TWI\G-Vulnerability-Scan,
TWI\POS_Admin,
TWI\SCCM_Admin,
TWI\SCOM_Admin,
TWI\SQL_admin,
TWI\Sqlsvc_Prd,
The command completed successfully.,
,
ServerName,SCH-AXRSDS01[0]
Alias name     administrators,
Comment        ,
,
Members,
,
-------------------------------------------------------------------------------,
Administrator,
TWI\BI_Admins,
TWI\Domain Admins,
TWI\Domain Analyst,
TWI\G-CDW_Techs,
TWI\G-ERP_Admin,
TWI\G-GSD-SRV-Admins,
TWI\G-Infrastructure_Systems_Admins,
TWI\G-MST_TECHS,
TWI\G-Vulnerability-Scan,
TWI\POS_Admin,
TWI\SCCM_Admin,
TWI\SCOM_Admin,
TWI\SQL_admin,
TWI\Sqlsvc_Prd,
The command completed successfully.,
,
ServerName,SCMPL-AXRS1[0]
Alias name     administrators,
Comment        ,
,
Members,
,
-------------------------------------------------------------------------------,
Administrator,
TWI\BI_Admins,
TWI\Domain Admins,
TWI\Domain Analyst,
TWI\G-CDW_Techs,
TWI\G-ERP_Admin,
TWI\G-GSD-SRV-Admins,
TWI\G-Infrastructure_Systems_Admins,
TWI\G-MST_TECHS,
TWI\G-Vulnerability-Scan,
TWI\POS_Admin,
TWI\SCCM_Admin,
TWI\SCOM_Admin,
TWI\SQL_admin,
TWI\Sqlsvc_Prd,
The command completed successfully.,
,
ServerName,SLK-AXRS1[0]
Alias name     administrators,
Comment        ,
,
Members,
,
-------------------------------------------------------------------------------,
Administrator,
TWI\BI_Admins,
TWI\Domain Admins,
TWI\Domain Analyst,
TWI\G-CDW_Techs,
TWI\G-ERP_Admin,
TWI\G-GSD-SRV-Admins,
TWI\G-Infrastructure_Systems_Admins,
TWI\G-MST_TECHS,
TWI\G-Vulnerability-Scan,
TWI\POS_Admin,
TWI\SCCM_Admin,
TWI\SCOM_Admin,
TWI\SQL_admin,
TWI\Sqlsvc_Prd,
The command completed successfully.,
,
ServerName,SQA-AXRS1[0]
Alias name     administrators,
Comment        ,
,
Members,
,
-------------------------------------------------------------------------------,
Administrator,
TWI\BI_Admins,
TWI\Domain Admins,
TWI\Domain Analyst,
TWI\G-CDW_Techs,
TWI\G-ERP_Admin,
TWI\G-GSD-SRV-Admins,
TWI\G-Infrastructure_Systems_Admins,
TWI\G-MST_TECHS,
TWI\G-Vulnerability-Scan,
TWI\POS_Admin,
TWI\SCCM_Admin,
TWI\SCOM_Admin,
TWI\SQL_admin,
TWI\Sqlsvc_Prd,
The command completed successfully.,
,
ServerName,STD-AXRS1[0]
Alias name     administrators,
Comment        ,
,
Members,
,
-------------------------------------------------------------------------------,
Administrator,
TWI\BI_Admins,
TWI\Domain Admins,
TWI\Domain Analyst,
TWI\G-CDW_Techs,
TWI\G-ERP_Admin,
TWI\G-GSD-SRV-Admins,
TWI\G-Infrastructure_Systems_Admins,
TWI\G-MST_TECHS,
TWI\G-Vulnerability-Scan,
TWI\POS_Admin,
TWI\SCCM_Admin,
TWI\SCOM_Admin,
TWI\SQL_admin,
TWI\Sqlsvc_Prd,
The command completed successfully.,
,
ServerName,SUM-AXRS1[0]
Alias name     administrators,
Comment        ,
,
Members,
,
-------------------------------------------------------------------------------,
Administrator,
TWI\BI_Admins,
TWI\Domain Admins,
TWI\Domain Analyst,
TWI\G-CDW_Techs,
TWI\G-ERP_Admin,
TWI\G-GSD-SRV-Admins,
TWI\G-Infrastructure_Systems_Admins,
TWI\G-MST_TECHS,
TWI\G-Vulnerability-Scan,
TWI\POS_Admin,
TWI\SCCM_Admin,
TWI\SCOM_Admin,
TWI\SQL_admin,
TWI\Sqlsvc_Prd,
The command completed successfully.,
,
ServerName,SWN-AXRS1[0]
Alias name     administrators,
Comment        ,
,
Members,
,
-------------------------------------------------------------------------------,
Administrator,
TWI\BI_Admins,
TWI\Domain Admins,
TWI\Domain Analyst,
TWI\G-CDW_Techs,
TWI\G-ERP_Admin,
TWI\G-GSD-SRV-Admins,
TWI\G-Infrastructure_Systems_Admins,
TWI\G-MST_TECHS,
TWI\G-Vulnerability-Scan,
TWI\POS_Admin,
TWI\SCCM_Admin,
TWI\SCOM_Admin,
TWI\SQL_admin,
TWI\Sqlsvc_Prd,
The command completed successfully.,
,
ServerName,TOC-AXRS1[0]
Alias name     administrators,
Comment        ,
,
Members,
,
-------------------------------------------------------------------------------,
Administrator,
TWI\BI_Admins,
TWI\Domain Admins,
TWI\Domain Analyst,
TWI\G-CDW_Techs,
TWI\G-ERP_Admin,
TWI\G-GSD-SRV-Admins,
TWI\G-Infrastructure_Systems_Admins,
TWI\G-MST_TECHS,
TWI\G-Vulnerability-Scan,
TWI\POS_Admin,
TWI\SCCM_Admin,
TWI\SCOM_Admin,
TWI\SQL_admin,
TWI\Sqlsvc_Prd,
The command completed successfully.,
,
ServerName,TPA-AXRS1[0]
Alias name     administrators,
Comment        ,
,
Members,
,
-------------------------------------------------------------------------------,
Administrator,
TWI\BI_Admins,
TWI\Domain Admins,
TWI\Domain Analyst,
TWI\G-CDW_Techs,
TWI\G-ERP_Admin,
TWI\G-GSD-SRV-Admins,
TWI\G-Infrastructure_Systems_Admins,
TWI\G-MST_TECHS,
TWI\G-Vulnerability-Scan,
TWI\POS_Admin,
TWI\SCCM_Admin,
TWI\SCOM_Admin,
TWI\SQL_admin,
TWI\Sqlsvc_Prd,
The command completed successfully.,
,
ServerName,TPNM-PRODSQL[0]
Alias name     administrators,
Comment        ,
,
Members,
,
-------------------------------------------------------------------------------,
Administrator,
TWI\ABQ.SerMon,
TWI\abq.vagent,
TWI\ABQ_Server_Admins,
TWI\c3.support,
TWI\Domain Admins,
TWI\Domain Analyst,
TWI\Enterprise Admins,
TWI\G-GSD-SRV-Admins,
TWI\G-Infrastructure_Systems_Admins,
TWI\G-SCCM_Admins,
TWI\G-SCOM_Admin_Accounts,
TWI\G-Vulnerability-Scan,
TWI\randal.cannady,
TWI\SCCM_Admin,
TWI\SCOM_Admin,
TWI\SQL_admin,
TWI\sqlbatch,
TWI\TPNM.SQL,
TWI\TPNM.SQLAgent,
The command completed successfully.,
,
ServerName,TRI-1DMSQL1[0]
Alias name     administrators,
Comment        ,
,
Members,
,
-------------------------------------------------------------------------------,
Administrator,
Administrator,
Administrator,
Administrator,
Administrator,
Administrator,
Administrator,
Administrator,
Administrator,
Administrator,
Administrator,
Administrator,
Administrator,
Administrator,
The command completed successfully.,
,
ServerName,TRI-1DMSQL2[0]
Alias name     administrators,
Comment        ,
,
Members,
,
-------------------------------------------------------------------------------,
Administrator,
Platinum,
TWI\admin-smuppala,
TWI\Domain Admins,
TWI\Domain Analyst,
TWI\G-GSD-SRV-Admins,
TWI\G-Infrastructure_Systems_Admins,
TWI\G-Vulnerability-Scan,
TWI\SCCM_Admin,
TWI\SCOM_Admin,
TWI\SQL.IAM,
TWI\SQL_admin,
TWI\sqlbatch,
TWI\Sqlsvc_Prd,
TWI\SQLSVCAgent_PRD,
The command completed successfully.,
,
ServerName,TRI-ARRCS01[0]
Alias name     administrators,
Comment        ,
,
Members,
,
-------------------------------------------------------------------------------,
Administrator,
TWI\BI_Admins,
TWI\Domain Admins,
TWI\Domain Analyst,
TWI\G-CDW_Techs,
TWI\G-ERP_Admin,
TWI\G-GSD-SRV-Admins,
TWI\G-Infrastructure_Systems_Admins,
TWI\G-MST_TECHS,
TWI\G-Vulnerability-Scan,
TWI\POS_Admin,
TWI\SCCM_Admin,
TWI\SCOM_Admin,
TWI\SQL_admin,
TWI\Sqlsvc_Prd,
The command completed successfully.,
,
ServerName,TRI-ARSQL01[0]
Alias name     administrators,
Comment        ,
,
Members,
,
-------------------------------------------------------------------------------,
Administrator,
TWI\BI_Admins,
TWI\Domain Admins,
TWI\Domain Analyst,
TWI\G-CDW_Techs,
TWI\G-ERP_Admin,
TWI\G-GSD-SRV-Admins,
TWI\G-Infrastructure_Systems_Admins,
TWI\G-MST_TECHS,
TWI\G-Vulnerability-Scan,
TWI\POS_Admin,
TWI\SCCM_Admin,
TWI\SCOM_Admin,
TWI\SQL_admin,
TWI\Sqlsvc_Prd,
The command completed successfully.,
,
ServerName,TRI-ARSQL02[0]
Alias name     administrators,
Comment        ,
,
Members,
,
-------------------------------------------------------------------------------,
Administrator,
TWI\BI_Admins,
TWI\Domain Admins,
TWI\Domain Analyst,
TWI\G-CDW_Techs,
TWI\G-ERP_Admin,
TWI\G-GSD-SRV-Admins,
TWI\G-Infrastructure_Systems_Admins,
TWI\G-MST_TECHS,
TWI\G-Vulnerability-Scan,
TWI\POS_Admin,
TWI\SCCM_Admin,
TWI\SCOM_Admin,
TWI\SQL_admin,
TWI\Sqlsvc_Prd,
The command completed successfully.,
,
ServerName,TRI-AXSAS01[0]
Alias name     administrators,
Comment        ,
,
Members,
,
-------------------------------------------------------------------------------,
Administrator,
Platinum,
TWI\Domain Admins,
TWI\Domain Analyst,
TWI\G-ERP_Admin,
TWI\G-GSD-SRV-Admins,
TWI\G-Infrastructure_Systems_Admins,
TWI\G-Vulnerability-Scan,
TWI\SCCM_Admin,
TWI\SCOM_Admin,
TWI\SQL_admin,
TWI\sqlbatch,
TWI\Sqlsvc_Prd,
TWI\SQLSVCAgent_PRD,
The command completed successfully.,
,
ServerName,TRI-AXSRS01[0]
Alias name     administrators,
Comment        ,
,
Members,
,
-------------------------------------------------------------------------------,
Administrator,
Platinum,
TWI\admin-smuppala,
TWI\Domain Admins,
TWI\Domain Analyst,
TWI\G-ERP_Admin,
TWI\G-ERP_DB,
TWI\G-GSD-SRV-Admins,
TWI\G-Infrastructure_Systems_Admins,
TWI\G-Vulnerability-Scan,
TWI\SCCM_Admin,
TWI\SCOM_Admin,
TWI\sqlbatch,
TWI\Sqlsvc_Prd,
TWI\SQLSVCAgent_PRD,
TWI\svc.inmage,
TWI\TRI-AXSRS02_LocalAdmins,
TWI\ubdrsched,
The command completed successfully.,
,
ServerName,TRI-AXSTG01[0]
Alias name     administrators,
Comment        ,
,
Members,
,
-------------------------------------------------------------------------------,
Administrator,
Platinum,
TWI\axAOSSvsDev,
TWI\Domain Admins,
TWI\Domain Analyst,
TWI\G-ERP_Admin,
TWI\G-ERP_DB,
TWI\G-GSD-SRV-Admins,
TWI\G-Infrastructure_Systems_Admins,
TWI\G-Vulnerability-Scan,
TWI\IT_AXDevelopers,
TWI\SCCM_Admin,
TWI\SCOM_Admin,
TWI\SQL_admin,
TWI\sqlbatch,
The command completed successfully.,
,
ServerName,TRI-B2BISQL01[0]
Alias name     administrators,
Comment        ,
,
Members,
,
-------------------------------------------------------------------------------,
Administrator,
Platinum,
TWI\Domain Admins,
TWI\Domain Analyst,
TWI\G-GSD-SRV-Admins,
TWI\G-Infrastructure_Systems_Admins,
TWI\G-Vulnerability-Scan,
TWI\SCCM_Admin,
TWI\SCOM_Admin,
TWI\SQL_admin,
TWI\sqlbatch,
TWI\Sqlsvc_Prd,
TWI\ubdrsched,
The command completed successfully.,
,
ServerName,TRI-B2BISQL02[0]
Alias name     administrators,
Comment        ,
,
Members,
,
-------------------------------------------------------------------------------,
Administrator,
Platinum,
TWI\Domain Admins,
TWI\Domain Analyst,
TWI\G-GSD-SRV-Admins,
TWI\G-Infrastructure_Systems_Admins,
TWI\G-Vulnerability-Scan,
TWI\SCCM_Admin,
TWI\SCOM_Admin,
TWI\SQL_admin,
TWI\sqlbatch,
TWI\Sqlsvc_Prd,
TWI\ubdrsched,
The command completed successfully.,
,
ServerName,TRI-BISQL[0]
Alias name     administrators,
Comment        ,
,
Members,
,
-------------------------------------------------------------------------------,
Administrator,
Platinum,
TWI\BI_Admins,
TWI\Domain Admins,
TWI\Domain Analyst,
TWI\G-GSD-SRV-Admins,
TWI\G-Infrastructure_Systems_Admins,
TWI\G-Vulnerability-Scan,
TWI\SCCM_Admin,
TWI\SCOM_Admin,
TWI\SQL_admin,
TWI\sqlbatch,
TWI\Sqlsvc_Prd,
TWI\svc.inmage,
TWI\svcTimeXtenderPRD_Cu,
TWI\svcTimeXtenderPRD_IN,
TWI\TimeXtenderBRIC.svc,
TWI\TimeXtenderDEV.Svc,
TWI\TimeXtenderPRD.Svc,
TWI\TimeXtenderPRD_HR,
TWI\TimeXtenderPRD_Nordi,
TWI\TimeXtenderTST.svc,
TWI\TimeXtenderUAT.svc,
The command completed successfully.,
,
ServerName,TRI-BISQLDW[0]
Alias name     administrators,
Comment        ,
,
Members,
,
-------------------------------------------------------------------------------,
Administrator,
Platinum,
SEALYNET\ssisservices,
TWI\admin-sfakharpour,
TWI\BI_Support_Leads,
TWI\Domain Admins,
TWI\Domain Analyst,
TWI\G-GSD-SRV-Admins,
TWI\G-Infrastructure_Systems_Admins,
TWI\G-Vulnerability-Scan,
TWI\SCCM_Admin,
TWI\SCOM_Admin,
TWI\SQL_admin,
TWI\sqlbatch,
TWI\Sqlsvc_Prd,
TWI\SQLSVCAgent_PRD,
TWI\SSASsvc_PRD,
TWI\svcPowerBIAdmin,
TWI\TimeXtenderPRD.Svc,
TWI\ubdrsched,
The command completed successfully.,
,
ServerName,TRI-BISQLSG01[0]
Alias name     administrators,
Comment        ,
,
Members,
,
-------------------------------------------------------------------------------,
Administrator,
Platinum,
TWI\Domain Admins,
TWI\Domain Analyst,
TWI\G-GSD-SRV-Admins,
TWI\G-Infrastructure_Systems_Admins,
TWI\G-Vulnerability-Scan,
TWI\SCCM_Admin,
TWI\SCOM_Admin,
TWI\SQL_admin,
TWI\Sqlsvc_Prd,
TWI\SSASsvc_PRD,
TWI\ubdrsched,
The command completed successfully.,
,
ServerName,TRI-BISQLSG02[0]
Alias name     administrators,
Comment        ,
,
Members,
,
-------------------------------------------------------------------------------,
Administrator,
Platinum,
TWI\Domain Admins,
TWI\Domain Analyst,
TWI\G-GSD-SRV-Admins,
TWI\G-Infrastructure_Systems_Admins,
TWI\G-Vulnerability-Scan,
TWI\SCCM_Admin,
TWI\SCOM_Admin,
TWI\SQL_admin,
TWI\sqlbatch,
TWI\Sqlsvc_Prd,
TWI\ubdrsched,
The command completed successfully.,
,
ServerName,TRI-CRSQL1[0]
Alias name     administrators,
Comment        ,
,
Members,
,
-------------------------------------------------------------------------------,
Administrator,
Platinum,
TWI\admin-dquandt,
TWI\DL-CRServerAdmins,
TWI\Domain Admins,
TWI\Domain Analyst,
TWI\G-GSD-SRV-Admins,
TWI\G-Infrastructure_Systems_Admins,
TWI\G-Vulnerability-Scan,
TWI\NTT_SQLAdmins,
TWI\SCCM_Admin,
TWI\SCOM_Admin,
TWI\SQL_admin,
TWI\sqlbatch,
TWI\Sqlsvc_Prd,
TWI\SQLSVCAgent_PRD,
The command completed successfully.,
,
ServerName,TRI-ETDBWP01[0]
Alias name     administrators,
Comment        ,
,
Members,
,
-------------------------------------------------------------------------------,
Administrator,
Platinum,
TWI\Domain Admins,
TWI\Domain Analyst,
TWI\G-GSD-SRV-Admins,
TWI\G-Infrastructure_Systems_Admins,
TWI\G-SCCM_Admins,
TWI\G-SCOM_Admins,
TWI\G-Vulnerability-Scan,
TWI\SCCM_Admin,
TWI\SCOM_Admin,
TWI\SQL_admin,
TWI\sqlbatch,
TWI\Sqlsvc_Prd,
TWI\SQLSVCAgent_PRD,
TWI\TFS Administrators,
TWI\TFSReportsPrd,
TWI\TFSSERVICEPrd,
The command completed successfully.,
,
ServerName,TRI-RAXRS1[0]
Alias name     administrators,
Comment        ,
,
Members,
,
-------------------------------------------------------------------------------,
Administrator,
TWI\BI_Admins,
TWI\Domain Admins,
TWI\Domain Analyst,
TWI\G-CDW_Techs,
TWI\G-ERP_Admin,
TWI\G-GSD-SRV-Admins,
TWI\G-Infrastructure_Systems_Admins,
TWI\G-MST_TECHS,
TWI\G-Vulnerability-Scan,
TWI\POS_Admin,
TWI\SCCM_Admin,
TWI\SCOM_Admin,
TWI\SQL_admin,
TWI\SQLSvc_Prd,
The command completed successfully.,
,
ServerName,TRI-SCOMACS-V[0]
Alias name     administrators,
Comment        ,
,
Members,
,
-------------------------------------------------------------------------------,
Administrator,
TWI\Domain Admins,
TWI\Domain Analyst,
TWI\G-GSD-SRV-Admins,
TWI\G-Infrastructure_Systems_Admins,
TWI\G-SCCM_Admins,
TWI\G-SCOM_Admin_Accounts,
TWI\G-Vulnerability-Scan,
TWI\SCCM_Admin,
TWI\SCOM_Admin,
TWI\SCOM_SDK,
TWI\SCOMSQL,
TWI\Sqlsvc_Prd,
TWI\SQLSVCAgent_PRD,
TWI\TRI-SCOMACS-V_LocalAdmins,
The command completed successfully.,
,
ServerName,TRI-SCOMSQLVN[0]
Alias name     administrators,
Comment        ,
,
Members,
,
-------------------------------------------------------------------------------,
Administrator,
TWI\admin-pmcloughlin,
TWI\admin-smuppala,
TWI\DL-TSM_Scheduling,
TWI\Domain Admins,
TWI\Domain Analyst,
TWI\G-GSD-SRV-Admins,
TWI\G-Infrastructure_Systems_Admins,
TWI\G-Vulnerability-Scan,
TWI\mscluster,
TWI\sanadministrator,
TWI\SCCM_Admin,
TWI\SCOM_AA,
TWI\SCOM_Admin,
TWI\SQL_admin,
TWI\Sqlsvc_Prd,
TWI\SQLSVCAgent_PRD,
The command completed successfully.,
,
ServerName,TRI-SCSQL3[0]
Alias name     administrators,
Comment        ,
,
Members,
,
-------------------------------------------------------------------------------,
Administrator,
Platinum,
TWI\Domain Admins,
TWI\Domain Analyst,
TWI\G-GSD-SRV-Admins,
TWI\G-Infrastructure_Systems_Admins,
TWI\G-SCOM_Admin_Accounts,
TWI\G-SCOM_Admins,
TWI\G-SQL Administrators,
TWI\G-Vulnerability-Scan,
TWI\SCCM_Admin,
TWI\SCOM_Admin,
TWI\scom_dra,
TWI\SCOM_SDK,
TWI\SCOMSQL,
TWI\SQL_admin,
TWI\sqlbatch,
TWI\Sqlsvc_Prd,
TWI\SQLSVCAgent_PRD,
The command completed successfully.,
,
ServerName,TRI-SQLAX03[0]
Alias name     administrators,
Comment        ,
,
Members,
,
-------------------------------------------------------------------------------,
Administrator,
TWI\admin-cwhitley,
TWI\Domain Admins,
TWI\Domain Analyst,
TWI\G-ERP_Admin,
TWI\G-ERP_DB,
TWI\G-GSD-SRV-Admins,
TWI\G-Infrastructure_Systems_Admins,
TWI\G-SCCM_Admins,
TWI\G-SCOM_Admins,
TWI\G-Vulnerability-Scan,
TWI\sanadministrator,
TWI\SCCM_Admin,
TWI\SCOM_Admin,
TWI\scomsql,
TWI\SQL_admin,
TWI\sqlbatch,
TWI\Sqlsvc_Prd,
TWI\SQLSVCAgent_PRD,
TWI\svc_Snapctr,
TWI\svcAXAOSPRD,
TWI\svcAXBCPRD,
TWI\TRI-SQLAX03_LocalAdmins,
The command completed successfully.,
,
ServerName,TRI-SQLAX04[0]
Alias name     administrators,
Comment        ,
,
Members,
,
-------------------------------------------------------------------------------,
Administrator,
TWI\admin-sfakharpour,
TWI\Domain Admins,
TWI\Domain Analyst,
TWI\G-ERP_Admin,
TWI\G-ERP_DB,
TWI\G-GSD-SRV-Admins,
TWI\G-Infrastructure_Systems_Admins,
TWI\G-SCCM_Admins,
TWI\G-SCOM_Admins,
TWI\G-Vulnerability-Scan,
TWI\sanadministrator,
TWI\SCCM_Admin,
TWI\SCOM_Admin,
TWI\scomsql,
TWI\SQL_admin,
TWI\sqlbatch,
TWI\Sqlsvc_Prd,
TWI\SQLSVCAgent_PRD,
TWI\svcAXAOSPRD,
TWI\svcAXBCPRD,
TWI\TRI-SQLAX01_LocalAdmins,
The command completed successfully.,
,
ServerName,TRI-SQLAX05[0]
Alias name     administrators,
Comment        ,
,
Members,
,
-------------------------------------------------------------------------------,
Administrator,
TWI\Domain Admins,
TWI\Domain Analyst,
TWI\G-ERP_Admin,
TWI\G-ERP_DB,
TWI\G-GSD-SRV-Admins,
TWI\G-Infrastructure_Systems_Admins,
TWI\G-SCCM_Admins,
TWI\G-SCOM_Admins,
TWI\G-Vulnerability-Scan,
TWI\sanadministrator,
TWI\SCCM_Admin,
TWI\SCOM_Admin,
TWI\scomsql,
TWI\SQL_admin,
TWI\sqlbatch,
TWI\Sqlsvc_Prd,
TWI\SQLSVCAgent_PRD,
TWI\svcAXAOSPRD,
TWI\svcAXBCPRD,
TWI\TRI-SQLAX01_LocalAdmins,
The command completed successfully.,
,
ServerName,TRI-SQLCON01[0]
Alias name     administrators,
Comment        ,
,
Members,
,
-------------------------------------------------------------------------------,
Administrator,
Platinum,
TWI\admin-areddy,
TWI\admin-sfakharpour,
TWI\CRM_Install,
TWI\DL-TSM_Scheduling,
TWI\Domain Admins,
TWI\Domain Analyst,
TWI\G-GSD-SRV-Admins,
TWI\G-Infrastructure_Systems_Admins,
TWI\G-Vulnerability-Scan,
TWI\sanadministrator,
TWI\SCCM_Admin,
TWI\SCOM_Admin,
TWI\SQL_admin,
TWI\sqlbatch,
TWI\Sqlsvc_Prd,
TWI\svcSPCRMPRDFM,
TWI\svcSPCRMPRDIN,
TWI\TRI-SQLCON01_LocalAdmins,
The command completed successfully.,
,
ServerName,TRI-SQLCON02[0]
Alias name     administrators,
Comment        ,
,
Members,
,
-------------------------------------------------------------------------------,
Administrator,
Platinum,
TWI\admin-hElayyan,
TWI\admin-sfakharpour,
TWI\CRM_Install,
TWI\DL-TSM_Scheduling,
TWI\Domain Admins,
TWI\Domain Analyst,
TWI\G-GSD-SRV-Admins,
TWI\G-Infrastructure_Systems_Admins,
TWI\G-Vulnerability-Scan,
TWI\sanadministrator,
TWI\SCCM_Admin,
TWI\SCOM_Admin,
TWI\SQL_admin,
TWI\sqlbatch,
TWI\Sqlsvc_Prd,
TWI\SQLSVCAgent_PRD,
TWI\svcSPCRMPRDFM,
TWI\svcSPCRMPRDIN,
TWI\TRI-SQLCON02_LocalAdmins,
The command completed successfully.,
,
ServerName,TRI-SQLCON11[0]
Alias name     administrators,
Comment        ,
,
Members,
,
-------------------------------------------------------------------------------,
Administrator,
Platinum,
TWI\Domain Admins,
TWI\Domain Analyst,
TWI\G-GSD-SRV-Admins,
TWI\G-Infrastructure_Systems_Admins,
TWI\G-SCCM_Admins,
TWI\G-SCOM_Admins,
TWI\G-Vulnerability-Scan,
TWI\sanadministrator,
TWI\SCCM_Admin,
TWI\SCOM_Admin,
TWI\SCOMSQL,
TWI\sqlbatch,
TWI\Sqlsvc_Prd,
TWI\SVCTPP_SCCPRD,
TWI\TRI-SQLCON11_LocalAdmins,
The command completed successfully.,
,
ServerName,TRI-SQLCON12[0]
Alias name     administrators,
Comment        ,
,
Members,
,
-------------------------------------------------------------------------------,
Administrator,
Platinum,
TWI\Domain Admins,
TWI\Domain Analyst,
TWI\G-GSD-SRV-Admins,
TWI\G-Infrastructure_Systems_Admins,
TWI\G-SCCM_Admins,
TWI\G-SCOM_Admins,
TWI\G-Vulnerability-Scan,
TWI\sanadministrator,
TWI\SCCM_Admin,
TWI\SCOM_Admin,
TWI\SCOMSQL,
TWI\sqlbatch,
TWI\Sqlsvc_Prd,
TWI\SVCTPP_SCCPRD,
TWI\TRI-SQLCON12_LocalAdmins,
TWI\TRI-SWSUS$,
The command completed successfully.,
,
ServerName,TRI-SQLCON21[0]
Alias name     administrators,
Comment        ,
,
Members,
,
-------------------------------------------------------------------------------,
Administrator,
Platinum,
TWI\Domain Admins,
TWI\Domain Analyst,
TWI\G-GSD-SRV-Admins,
TWI\G-Infrastructure_Systems_Admins,
TWI\G-SCCM_Admins,
TWI\G-SCOM_Admins,
TWI\G-SharePointAdmins,
TWI\G-Vulnerability-Scan,
TWI\sanAdministrator,
TWI\SCCM_Admin,
TWI\SCOM_Admin,
TWI\sqlbatch,
TWI\Sqlsvc_Prd,
TWI\SQLSVCAgent_PRD,
TWI\svcFIMSPSYNC,
TWI\svcSPAMON,
TWI\TRI-SQLCON21_LocalAdmins,
The command completed successfully.,
,
ServerName,TRI-SQLCON22[0]
Alias name     administrators,
Comment        ,
,
Members,
,
-------------------------------------------------------------------------------,
Administrator,
Platinum,
TWI\Domain Admins,
TWI\Domain Analyst,
TWI\G-GSD-SRV-Admins,
TWI\G-Infrastructure_Systems_Admins,
TWI\G-SCCM_Admins,
TWI\G-SCOM_Admins,
TWI\G-SharePointAdmins,
TWI\G-Vulnerability-Scan,
TWI\sanadministrator,
TWI\SCCM_Admin,
TWI\SCOM_Admin,
TWI\sqlbatch,
TWI\Sqlsvc_Prd,
TWI\SQLSVCAgent_PRD,
TWI\svcFIMSPSYNC,
TWI\svcSPAMON,
TWI\TRI-SQLCON22_LocalAdmins,
The command completed successfully.,
,
ServerName,TRI-SQLCON31[0]
Alias name     administrators,
Comment        ,
,
Members,
,
-------------------------------------------------------------------------------,
Administrator,
Platinum,
TWI\Domain Admins,
TWI\Domain Analyst,
TWI\G-GSD-SRV-Admins,
TWI\G-Infrastructure_Systems_Admins,
TWI\G-SCCM_Admins,
TWI\G-SCOM_Admins,
TWI\G-Vulnerability-Scan,
TWI\sanadministrator,
TWI\SCCM_Admin,
TWI\SCOM_Admin,
TWI\sqlbatch,
TWI\Sqlsvc_Prd,
TWI\svcWUG,
TWI\TRI-SQLCON31_LocalAdmins,
The command completed successfully.,
,
ServerName,TRI-SQLCON32[0]
Alias name     administrators,
Comment        ,
,
Members,
,
-------------------------------------------------------------------------------,
Administrator,
Platinum,
TWI\Domain Admins,
TWI\Domain Analyst,
TWI\G-GSD-SRV-Admins,
TWI\G-Infrastructure_Systems_Admins,
TWI\G-SCCM_Admins,
TWI\G-SCOM_Admins,
TWI\G-Vulnerability-Scan,
TWI\sanadministrator,
TWI\SCCM_Admin,
TWI\SCOM_Admin,
TWI\sqlbatch,
TWI\Sqlsvc_Prd,
TWI\svcWUG,
TWI\TRI-SQLCON32_LocalAdmins,
The command completed successfully.,
,
ServerName,TRI-SQLSENTRY[0]
Alias name     administrators,
Comment        ,
,
Members,
,
-------------------------------------------------------------------------------,
Administrator,
Platinum,
TWI\admin-sfakharpour,
TWI\Domain Admins,
TWI\Domain Analyst,
TWI\G-GSD-SRV-Admins,
TWI\G-Infrastructure_Systems_Admins,
TWI\G-Vulnerability-Scan,
TWI\SCCM_Admin,
TWI\SCOM_Admin,
TWI\SQL_admin,
TWI\Sqlsvc_Prd,
The command completed successfully.,
,
ServerName,TRI-SSISWP01[0]
Alias name     administrators,
Comment        ,
,
Members,
,
-------------------------------------------------------------------------------,
Administrator,
Platinum,
TWI\Domain Admins,
TWI\Domain Analyst,
TWI\G-ERP_Admin,
TWI\G-ERP_DB,
TWI\G-GSD-SRV-Admins,
TWI\G-Infrastructure_Systems_Admins,
TWI\G-Vulnerability-Scan,
TWI\SCCM_Admin,
TWI\SCOM_Admin,
TWI\SQL_admin,
TWI\sqlbatch,
TWI\Sqlsvc_Prd,
TWI\TRI-SSISWP01_LocalAdmins,
The command completed successfully.,
,
ServerName,TUK-AXRS1[0]
Alias name     administrators,
Comment        ,
,
Members,
,
-------------------------------------------------------------------------------,
Administrator,
TWI\BI_Admins,
TWI\Domain Admins,
TWI\Domain Analyst,
TWI\G-CDW_Techs,
TWI\G-ERP_Admin,
TWI\G-GSD-SRV-Admins,
TWI\G-Infrastructure_Systems_Admins,
TWI\G-MST_TECHS,
TWI\G-Vulnerability-Scan,
TWI\POS_Admin,
TWI\SCCM_Admin,
TWI\SCOM_Admin,
TWI\SQL_admin,
TWI\Sqlsvc_Prd,
The command completed successfully.,
,
ServerName,TXFRI-AXRS1[0]
Alias name     administrators,
Comment        ,
,
Members,
,
-------------------------------------------------------------------------------,
Administrator,
TWI\BI_Admins,
TWI\Domain Admins,
TWI\Domain Analyst,
TWI\G-CDW_Techs,
TWI\G-ERP_Admin,
TWI\G-GSD-SRV-Admins,
TWI\G-Infrastructure_Systems_Admins,
TWI\G-MST_TECHS,
TWI\G-Vulnerability-Scan,
TWI\POS_Admin,
TWI\SCCM_Admin,
TWI\SCOM_Admin,
TWI\SQL_admin,
TWI\Sqlsvc_Prd,
The command completed successfully.,
,
ServerName,TXHOU-AXRS1[0]
Alias name     administrators,
Comment        ,
,
Members,
,
-------------------------------------------------------------------------------,
Administrator,
TWI\BI_Admins,
TWI\Domain Admins,
TWI\Domain Analyst,
TWI\G-CDW_Techs,
TWI\G-ERP_Admin,
TWI\G-GSD-SRV-Admins,
TWI\G-Infrastructure_Systems_Admins,
TWI\G-MST_TECHS,
TWI\G-Vulnerability-Scan,
TWI\POS_Admin,
TWI\SCCM_Admin,
TWI\SCOM_Admin,
TWI\SQL_admin,
TWI\Sqlsvc_Prd,
The command completed successfully.,
,
ServerName,TXWOO-AXRS1[0]
Alias name     administrators,
Comment        ,
,
Members,
,
-------------------------------------------------------------------------------,
Administrator,
TWI\BI_Admins,
TWI\Domain Admins,
TWI\Domain Analyst,
TWI\G-CDW_Techs,
TWI\G-ERP_Admin,
TWI\G-GSD-SRV-Admins,
TWI\G-Infrastructure_Systems_Admins,
TWI\G-MST_TECHS,
TWI\G-Vulnerability-Scan,
TWI\POS_Admin,
TWI\SCCM_Admin,
TWI\SCOM_Admin,
TWI\SQL_admin,
TWI\Sqlsvc_Prd,
The command completed successfully.,
,
ServerName,TYC-AXRS1[0]
Alias name     administrators,
Comment        ,
,
Members,
,
-------------------------------------------------------------------------------,
Administrator,
TWI\BI_Admins,
TWI\Domain Admins,
TWI\Domain Analyst,
TWI\G-CDW_Techs,
TWI\G-ERP_Admin,
TWI\G-GSD-SRV-Admins,
TWI\G-Infrastructure_Systems_Admins,
TWI\G-MST_TECHS,
TWI\G-Vulnerability-Scan,
TWI\POS_Admin,
TWI\SCCM_Admin,
TWI\SCOM_Admin,
TWI\SQL_admin,
TWI\Sqlsvc_Prd,
The command completed successfully.,
,
ServerName,UTMUR-AXRS1[0]
Alias name     administrators,
Comment        ,
,
Members,
,
-------------------------------------------------------------------------------,
Administrator,
TWI\BI_Admins,
TWI\Domain Admins,
TWI\Domain Analyst,
TWI\G-CDW_Techs,
TWI\G-ERP_Admin,
TWI\G-GSD-SRV-Admins,
TWI\G-Infrastructure_Systems_Admins,
TWI\G-MST_TECHS,
TWI\G-Vulnerability-Scan,
TWI\POS_Admin,
TWI\SCCM_Admin,
TWI\SCOM_Admin,
TWI\SQL_admin,
TWI\Sqlsvc_Prd,
The command completed successfully.,
,
ServerName,VAVBE-AXRS1[0]
Alias name     administrators,
Comment        ,
,
Members,
,
-------------------------------------------------------------------------------,
Administrator,
TWI\BI_Admins,
TWI\Domain Admins,
TWI\Domain Analyst,
TWI\G-CDW_Techs,
TWI\G-ERP_Admin,
TWI\G-GSD-SRV-Admins,
TWI\G-Infrastructure_Systems_Admins,
TWI\G-MST_TECHS,
TWI\G-Vulnerability-Scan,
TWI\POS_Admin,
TWI\SCCM_Admin,
TWI\SCOM_Admin,
TWI\SQL_admin,
TWI\Sqlsvc_Prd,
The command completed successfully.,
,
ServerName,WAR-AXRS1[0]
Alias name     administrators,
Comment        ,
,
Members,
,
-------------------------------------------------------------------------------,
Administrator,
TWI\BI_Admins,
TWI\Domain Admins,
TWI\Domain Analyst,
TWI\G-CDW_Techs,
TWI\G-ERP_Admin,
TWI\G-GSD-SRV-Admins,
TWI\G-Infrastructure_Systems_Admins,
TWI\G-MST_TECHS,
TWI\G-Vulnerability-Scan,
TWI\POS_Admin,
TWI\SCCM_Admin,
TWI\SCOM_Admin,
TWI\SQL_admin,
TWI\Sqlsvc_Prd,
The command completed successfully.,
,
ServerName,WASPO-AXRS1[0]
Alias name     administrators,
Comment        ,
,
Members,
,
-------------------------------------------------------------------------------,
Administrator,
TWI\BI_Admins,
TWI\Domain Admins,
TWI\Domain Analyst,
TWI\G-CDW_Techs,
TWI\G-ERP_Admin,
TWI\G-GSD-SRV-Admins,
TWI\G-Infrastructure_Systems_Admins,
TWI\G-MST_TECHS,
TWI\G-Vulnerability-Scan,
TWI\POS_Admin,
TWI\SCCM_Admin,
TWI\SCOM_Admin,
TWI\SQL_admin,
TWI\Sqlsvc_Prd,
The command completed successfully.,
,
ServerName,WCC-AXRS1[0]
Alias name     administrators,
Comment        ,
,
Members,
,
-------------------------------------------------------------------------------,
Administrator,
TWI\BI_Admins,
TWI\Domain Admins,
TWI\Domain Analyst,
TWI\G-CDW_Techs,
TWI\G-ERP_Admin,
TWI\G-GSD-SRV-Admins,
TWI\G-Infrastructure_Systems_Admins,
TWI\G-MST_TECHS,
TWI\G-Vulnerability-Scan,
TWI\POS_Admin,
TWI\SCCM_Admin,
TWI\SCOM_Admin,
TWI\SQL_admin,
TWI\Sqlsvc_Prd,
The command completed successfully.,
,
ServerName,WCL-AXRS1[0]
Alias name     administrators,
Comment        ,
,
Members,
,
-------------------------------------------------------------------------------,
Administrator,
TWI\BI_Admins,
TWI\Domain Admins,
TWI\Domain Analyst,
TWI\G-ERP_Admin,
TWI\G-GSD-SRV-Admins,
TWI\G-Infrastructure_Systems_Admins,
TWI\G-MST_TECHS,
TWI\G-Vulnerability-Scan,
TWI\POS_Admin,
TWI\SCCM_Admin,
TWI\SCOM_Admin,
TWI\SQL_admin,
TWI\Sqlsvc_Prd,
The command completed successfully.,
,
ServerName,WES-AXRS1[0]
Alias name     administrators,
Comment        ,
,
Members,
,
-------------------------------------------------------------------------------,
Administrator,
TWI\BI_Admins,
TWI\Domain Admins,
TWI\Domain Analyst,
TWI\G-CDW_Techs,
TWI\G-ERP_Admin,
TWI\G-GSD-SRV-Admins,
TWI\G-Infrastructure_Systems_Admins,
TWI\G-MST_TECHS,
TWI\G-Vulnerability-Scan,
TWI\POS_Admin,
TWI\SCCM_Admin,
TWI\SCOM_Admin,
TWI\SQL_admin,
TWI\Sqlsvc_Prd,
The command completed successfully.,
,
ServerName,WFS-AXRS1[0]
Alias name     administrators,
Comment        ,
,
Members,
,
-------------------------------------------------------------------------------,
Administrator,
TWI\BI_Admins,
TWI\Domain Admins,
TWI\Domain Analyst,
TWI\G-CDW_Techs,
TWI\G-ERP_Admin,
TWI\G-GSD-SRV-Admins,
TWI\G-Infrastructure_Systems_Admins,
TWI\G-MST_TECHS,
TWI\G-Vulnerability-Scan,
TWI\POS_Admin,
TWI\SCCM_Admin,
TWI\SCOM_Admin,
TWI\SQL_admin,
TWI\Sqlsvc_Prd,
The command completed successfully.,
,
ServerName,WHF-AXRS1[0]
Alias name     administrators,
Comment        ,
,
Members,
,
-------------------------------------------------------------------------------,
Administrator,
TWI\BI_Admins,
TWI\Domain Admins,
TWI\Domain Analyst,
TWI\G-CDW_Techs,
TWI\G-ERP_Admin,
TWI\G-GSD-SRV-Admins,
TWI\G-Infrastructure_Systems_Admins,
TWI\G-MST_TECHS,
TWI\G-Vulnerability-Scan,
TWI\POS_Admin,
TWI\SCCM_Admin,
TWI\SCOM_Admin,
TWI\SQL_admin,
TWI\Sqlsvc_Prd,
The command completed successfully.,
,
ServerName,WHF-AXRS1[0]
Alias name     administrators,
Comment        ,
,
Members,
,
-------------------------------------------------------------------------------,
Administrator,
TWI\BI_Admins,
TWI\Domain Admins,
TWI\Domain Analyst,
TWI\G-CDW_Techs,
TWI\G-ERP_Admin,
TWI\G-GSD-SRV-Admins,
TWI\G-Infrastructure_Systems_Admins,
TWI\G-MST_TECHS,
TWI\G-Vulnerability-Scan,
TWI\POS_Admin,
TWI\SCCM_Admin,
TWI\SCOM_Admin,
TWI\SQL_admin,
TWI\Sqlsvc_Prd,
The command completed successfully.,
,
